Feature Code,N,F,P,Sample,n,f,p,SE,Z Score,Z Critical Value,LB,UB,Accept/Reject
a9,825,32,0.03878787878787879,26,0,0,0,0,0,1.96,0.0,0.0,Reject,Sample total is 0
reg1,72,36,0.5,26,0,0,0,0,0,1.96,0.0,0.0,Reject,Sample total is 0
prov1,72,36,0.5,26,0,0,0,0,0,1.96,0.0,0.0,Reject,Sample total is 0
ur1,855,515,0.6023391812865497,26,0,0,0,0,0,1.96,0.0,0.0,Reject,Sample total is 0
a1,855,855,1.0,26,0,0,0,0,0,1.96,0.0,0.0,Reject,Sample total is 0
a2,570,278,0.48771929824561405,26,0,0,0,0,0,1.96,0.0,0.0,Reject,Sample total is 0
a3a,841,132,0.15695600475624258,26,0,0,0,0,0,1.96,0.0,0.0,Reject,Sample total is 0
a3b,841,192,0.22829964328180738,26,0,0,0,0,0,1.96,0.0,0.0,Reject,Sample total is 0
a3c,841,816,0.9702734839476813,26,0,0,0,0,0,1.96,0.0,0.0,Reject,Sample total is 0
a3d,841,819,0.9738406658739596,26,0,0,0,0,0,1.96,0.0,0.0,Reject,Sample total is 0
a3e,841,589,0.7003567181926278,26,0,0,0,0,0,1.96,0.0,0.0,Reject,Sample total is 0
a3f,841,260,0.3091557669441142,26,0,0,0,0,0,1.96,0.0,0.0,Reject,Sample total is 0
a3g,841,830,0.9869203329369798,26,0,0,0,0,0,1.96,0.0,0.0,Reject,Sample total is 0
a3h,841,823,0.9785969084423306,26,0,0,0,0,0,1.96,0.0,0.0,Reject,Sample total is 0
a3i,841,815,0.9690844233055886,26,0,0,0,0,0,1.96,0.0,0.0,Reject,Sample total is 0
a3j,841,841,1.0,26,0,0,0,0,0,1.96,0.0,0.0,Reject,Sample total is 0
a3k,841,841,1.0,26,0,0,0,0,0,1.96,0.0,0.0,Reject,Sample total is 0
a3l,841,804,0.9560047562425684,26,0,0,0,0,0,1.96,0.0,0.0,Reject,Sample total is 0
a4a,848,56,0.0660377358490566,26,0,0,0,0,0,1.96,0.0,0.0,Reject,Sample total is 0
a4g,848,840,0.9905660377358491,26,0,0,0,0,0,1.96,0.0,0.0,Reject,Sample total is 0
a4h,848,834,0.9834905660377359,26,0,0,0,0,0,1.96,0.0,0.0,Reject,Sample total is 0
a4c,848,824,0.9716981132075472,26,0,0,0,0,0,1.96,0.0,0.0,Reject,Sample total is 0
a4d,848,836,0.9858490566037735,26,0,0,0,0,0,1.96,0.0,0.0,Reject,Sample total is 0
a4e,848,835,0.9846698113207547,26,0,0,0,0,0,1.96,0.0,0.0,Reject,Sample total is 0
a4f,848,625,0.7370283018867925,26,0,0,0,0,0,1.96,0.0,0.0,Reject,Sample total is 0
a4i,848,747,0.8808962264150944,26,0,0,0,0,0,1.96,0.0,0.0,Reject,Sample total is 0
a5,832,9,0.010817307692307692,26,0,0,0,0,0,1.96,0.0,0.0,Reject,Sample total is 0
b1,0,0,0,26,0,0,0,0,0,1.96,0.0,0.0,Accept,Sample total is 0,Population total is 0
b3,836,88,0.10526315789473684,26,0,0,0,0,0,1.96,0.0,0.0,Reject,Sample total is 0
b6a,813,598,0.7355473554735548,26,0,0,0,0,0,1.96,0.0,0.0,Reject,Sample total is 0
b6b,810,449,0.554320987654321,26,0,0,0,0,0,1.96,0.0,0.0,Reject,Sample total is 0
b6c,823,613,0.7448359659781288,26,0,0,0,0,0,1.96,0.0,0.0,Reject,Sample total is 0
b6d,821,498,0.6065773447015834,26,0,0,0,0,0,1.96,0.0,0.0,Reject,Sample total is 0
b6e,809,701,0.8665018541409147,26,0,0,0,0,0,1.96,0.0,0.0,Reject,Sample total is 0
b6f,814,598,0.7346437346437347,26,0,0,0,0,0,1.96,0.0,0.0,Reject,Sample total is 0
b6g,815,514,0.6306748466257669,26,0,0,0,0,0,1.96,0.0,0.0,Reject,Sample total is 0
b7a,811,608,0.749691738594328,26,0,0,0,0,0,1.96,0.0,0.0,Reject,Sample total is 0
b7b,814,479,0.5884520884520884,26,0,0,0,0,0,1.96,0.0,0.0,Reject,Sample total is 0
b7c,810,522,0.6444444444444445,26,0,0,0,0,0,1.96,0.0,0.0,Reject,Sample total is 0
b7d,803,665,0.8281444582814446,26,0,0,0,0,0,1.96,0.0,0.0,Reject,Sample total is 0
b7e,807,622,0.7707558859975217,26,0,0,0,0,0,1.96,0.0,0.0,Reject,Sample total is 0
b7f,798,660,0.8270676691729323,26,0,0,0,0,0,1.96,0.0,0.0,Reject,Sample total is 0
b8a,200,90,0.45,26,0,0,0,0,0,1.96,0.0,0.0,Reject,Sample total is 0
b8b,328,91,0.2774390243902439,26,0,0,0,0,0,1.96,0.0,0.0,Reject,Sample total is 0
b8c,283,198,0.6996466431095406,26,0,0,0,0,0,1.96,0.0,0.0,Reject,Sample total is 0
b8d,135,80,0.5925925925925926,26,0,0,0,0,0,1.96,0.0,0.0,Reject,Sample total is 0
b8e,183,95,0.5191256830601093,26,0,0,0,0,0,1.96,0.0,0.0,Reject,Sample total is 0
b8f,133,88,0.6616541353383458,26,0,0,0,0,0,1.96,0.0,0.0,Reject,Sample total is 0
b9a,782,666,0.8516624040920716,26,0,0,0,0,0,1.96,0.0,0.0,Reject,Sample total is 0
b9b,806,491,0.609181141439206,26,0,0,0,0,0,1.96,0.0,0.0,Reject,Sample total is 0
b9c,803,345,0.42963885429638854,26,0,0,0,0,0,1.96,0.0,0.0,Reject,Sample total is 0
b9d,797,530,0.6649937264742786,26,0,0,0,0,0,1.96,0.0,0.0,Reject,Sample total is 0
b10a,826,348,0.4213075060532688,26,0,0,0,0,0,1.96,0.0,0.0,Reject,Sample total is 0
b10b1,318,227,0.7138364779874213,26,0,0,0,0,0,1.96,0.0,0.0,Reject,Sample total is 0
b10b2,319,218,0.6833855799373041,26,0,0,0,0,0,1.96,0.0,0.0,Reject,Sample total is 0
b10b3,318,274,0.8616352201257862,26,0,0,0,0,0,1.96,0.0,0.0,Reject,Sample total is 0
b10c1,318,191,0.60062893081761,26,0,0,0,0,0,1.96,0.0,0.0,Reject,Sample total is 0
b10c2,318,254,0.7987421383647799,26,0,0,0,0,0,1.96,0.0,0.0,Reject,Sample total is 0
b10d,318,303,0.9528301886792453,26,0,0,0,0,0,1.96,0.0,0.0,Reject,Sample total is 0
b10e,318,285,0.8962264150943396,26,0,0,0,0,0,1.96,0.0,0.0,Reject,Sample total is 0
b11,0,0,0,26,0,0,0,0,0,1.96,0.0,0.0,Accept,Sample total is 0,Population total is 0
b12,0,0,0,26,0,0,0,0,0,1.96,0.0,0.0,Accept,Sample total is 0,Population total is 0
c1,819,747,0.9120879120879121,26,0,0,0,0,0,1.96,0.0,0.0,Reject,Sample total is 0
c2,794,127,0.15994962216624686,26,0,0,0,0,0,1.96,0.0,0.0,Reject,Sample total is 0
c4a,792,464,0.5858585858585859,26,0,0,0,0,0,1.96,0.0,0.0,Reject,Sample total is 0
c4c,798,448,0.5614035087719298,26,0,0,0,0,0,1.96,0.0,0.0,Reject,Sample total is 0
c4b,772,597,0.7733160621761658,26,0,0,0,0,0,1.96,0.0,0.0,Reject,Sample total is 0
c4c1,776,654,0.8427835051546392,26,0,0,0,0,0,1.96,0.0,0.0,Reject,Sample total is 0
c4c2,784,658,0.8392857142857143,26,0,0,0,0,0,1.96,0.0,0.0,Reject,Sample total is 0
c4d,764,682,0.8926701570680629,26,0,0,0,0,0,1.96,0.0,0.0,Reject,Sample total is 0
c4f,765,696,0.9098039215686274,26,0,0,0,0,0,1.96,0.0,0.0,Reject,Sample total is 0
c4g,778,640,0.8226221079691517,26,0,0,0,0,0,1.96,0.0,0.0,Reject,Sample total is 0
c4e,777,625,0.8043758043758044,26,0,0,0,0,0,1.96,0.0,0.0,Reject,Sample total is 0
c4h,791,603,0.7623261694058154,26,0,0,0,0,0,1.96,0.0,0.0,Reject,Sample total is 0
c4i,764,698,0.9136125654450262,26,0,0,0,0,0,1.96,0.0,0.0,Reject,Sample total is 0
c4j,766,718,0.9373368146214099,26,0,0,0,0,0,1.96,0.0,0.0,Reject,Sample total is 0
c4k,756,724,0.9576719576719577,26,0,0,0,0,0,1.96,0.0,0.0,Reject,Sample total is 0
c4l,765,714,0.9333333333333333,26,0,0,0,0,0,1.96,0.0,0.0,Reject,Sample total is 0
c4o,779,675,0.8664955070603337,26,0,0,0,0,0,1.96,0.0,0.0,Reject,Sample total is 0
c4m,779,694,0.8908857509627728,26,0,0,0,0,0,1.96,0.0,0.0,Reject,Sample total is 0
c4n,772,727,0.9417098445595855,26,0,0,0,0,0,1.96,0.0,0.0,Reject,Sample total is 0
c4o1,762,699,0.9173228346456693,26,0,0,0,0,0,1.96,0.0,0.0,Reject,Sample total is 0
c4r,760,625,0.8223684210526315,26,0,0,0,0,0,1.96,0.0,0.0,Reject,Sample total is 0
c4p,786,407,0.5178117048346056,26,0,0,0,0,0,1.96,0.0,0.0,Reject,Sample total is 0
c4t,781,624,0.7989756722151088,26,0,0,0,0,0,1.96,0.0,0.0,Reject,Sample total is 0
c4q,769,608,0.7906371911573472,26,0,0,0,0,0,1.96,0.0,0.0,Reject,Sample total is 0
c4u,776,561,0.7229381443298969,26,0,0,0,0,0,1.96,0.0,0.0,Reject,Sample total is 0
c4t1,770,603,0.7831168831168831,26,0,0,0,0,0,1.96,0.0,0.0,Reject,Sample total is 0
c4v,777,596,0.767052767052767,26,0,0,0,0,0,1.96,0.0,0.0,Reject,Sample total is 0
c4w,774,647,0.8359173126614987,26,0,0,0,0,0,1.96,0.0,0.0,Reject,Sample total is 0
c4x,793,407,0.5132408575031526,26,0,0,0,0,0,1.96,0.0,0.0,Reject,Sample total is 0
c4y,810,412,0.508641975308642,26,0,0,0,0,0,1.96,0.0,0.0,Reject,Sample total is 0
c4z,803,483,0.6014943960149439,26,0,0,0,0,0,1.96,0.0,0.0,Reject,Sample total is 0
c4bb,795,502,0.6314465408805031,26,0,0,0,0,0,1.96,0.0,0.0,Reject,Sample total is 0
c4cc,801,414,0.5168539325842697,26,0,0,0,0,0,1.96,0.0,0.0,Reject,Sample total is 0
c4cc1,766,697,0.9099216710182768,26,0,0,0,0,0,1.96,0.0,0.0,Reject,Sample total is 0
c4gg,777,554,0.712998712998713,26,0,0,0,0,0,1.96,0.0,0.0,Reject,Sample total is 0
c4ee,769,627,0.8153446033810143,26,0,0,0,0,0,1.96,0.0,0.0,Reject,Sample total is 0
c4ff,761,645,0.8475689881734559,26,0,0,0,0,0,1.96,0.0,0.0,Reject,Sample total is 0
c4hh,772,677,0.8769430051813472,26,0,0,0,0,0,1.96,0.0,0.0,Reject,Sample total is 0
c4hh1,758,684,0.9023746701846965,26,0,0,0,0,0,1.96,0.0,0.0,Reject,Sample total is 0
c4hh2,759,712,0.9380764163372859,26,0,0,0,0,0,1.96,0.0,0.0,Reject,Sample total is 0
c6a,769,557,0.7243172951885566,26,0,0,0,0,0,1.96,0.0,0.0,Reject,Sample total is 0
c6b,762,590,0.7742782152230971,26,0,0,0,0,0,1.96,0.0,0.0,Reject,Sample total is 0
c6c,773,541,0.6998706338939198,26,0,0,0,0,0,1.96,0.0,0.0,Reject,Sample total is 0
c6d,763,667,0.8741808650065531,26,0,0,0,0,0,1.96,0.0,0.0,Reject,Sample total is 0
c6e,764,624,0.8167539267015707,26,0,0,0,0,0,1.96,0.0,0.0,Reject,Sample total is 0
c6f,759,638,0.8405797101449275,26,0,0,0,0,0,1.96,0.0,0.0,Reject,Sample total is 0
c6g,749,653,0.8718291054739653,26,0,0,0,0,0,1.96,0.0,0.0,Reject,Sample total is 0
c6g1,747,625,0.8366800535475234,26,0,0,0,0,0,1.96,0.0,0.0,Reject,Sample total is 0
c6h,750,648,0.864,26,0,0,0,0,0,1.96,0.0,0.0,Reject,Sample total is 0
c7a,756,568,0.7513227513227513,26,0,0,0,0,0,1.96,0.0,0.0,Reject,Sample total is 0
c7b,751,580,0.7723035952063915,26,0,0,0,0,0,1.96,0.0,0.0,Reject,Sample total is 0
c7c,757,531,0.7014531043593131,26,0,0,0,0,0,1.96,0.0,0.0,Reject,Sample total is 0
c7d,746,655,0.8780160857908847,26,0,0,0,0,0,1.96,0.0,0.0,Reject,Sample total is 0
c7e,744,623,0.8373655913978495,26,0,0,0,0,0,1.96,0.0,0.0,Reject,Sample total is 0
c7f,737,635,0.8616010854816825,26,0,0,0,0,0,1.96,0.0,0.0,Reject,Sample total is 0
c7g,738,647,0.8766937669376694,26,0,0,0,0,0,1.96,0.0,0.0,Reject,Sample total is 0
c7g1,728,633,0.8695054945054945,26,0,0,0,0,0,1.96,0.0,0.0,Reject,Sample total is 0
c7h,734,643,0.8760217983651226,26,0,0,0,0,0,1.96,0.0,0.0,Reject,Sample total is 0
c8a,568,440,0.7746478873239436,26,0,0,0,0,0,1.96,0.0,0.0,Reject,Sample total is 0
c8b,564,426,0.7553191489361702,26,0,0,0,0,0,1.96,0.0,0.0,Reject,Sample total is 0
c8c,568,338,0.5950704225352113,26,0,0,0,0,0,1.96,0.0,0.0,Reject,Sample total is 0
c8d,559,478,0.855098389982111,26,0,0,0,0,0,1.96,0.0,0.0,Reject,Sample total is 0
c8e,560,447,0.7982142857142858,26,0,0,0,0,0,1.96,0.0,0.0,Reject,Sample total is 0
c8f,563,465,0.8259325044404974,26,0,0,0,0,0,1.96,0.0,0.0,Reject,Sample total is 0
c8g,557,458,0.822262118491921,26,0,0,0,0,0,1.96,0.0,0.0,Reject,Sample total is 0
c8g1,556,461,0.829136690647482,26,0,0,0,0,0,1.96,0.0,0.0,Reject,Sample total is 0
c8h,561,481,0.857397504456328,26,0,0,0,0,0,1.96,0.0,0.0,Reject,Sample total is 0
c9a,584,493,0.8441780821917808,26,0,0,0,0,0,1.96,0.0,0.0,Reject,Sample total is 0
c9b,580,446,0.7689655172413793,26,0,0,0,0,0,1.96,0.0,0.0,Reject,Sample total is 0
c9c,597,350,0.5862646566164154,26,0,0,0,0,0,1.96,0.0,0.0,Reject,Sample total is 0
c9d,584,519,0.8886986301369864,26,0,0,0,0,0,1.96,0.0,0.0,Reject,Sample total is 0
c9e,584,473,0.809931506849315,26,0,0,0,0,0,1.96,0.0,0.0,Reject,Sample total is 0
c9f,588,472,0.8027210884353742,26,0,0,0,0,0,1.96,0.0,0.0,Reject,Sample total is 0
c9g,585,485,0.8290598290598291,26,0,0,0,0,0,1.96,0.0,0.0,Reject,Sample total is 0
c9g1,576,519,0.9010416666666666,26,0,0,0,0,0,1.96,0.0,0.0,Reject,Sample total is 0
c9h,578,467,0.8079584775086506,26,0,0,0,0,0,1.96,0.0,0.0,Reject,Sample total is 0
c10a,761,600,0.7884362680683311,26,0,0,0,0,0,1.96,0.0,0.0,Reject,Sample total is 0
c10b,765,587,0.7673202614379085,26,0,0,0,0,0,1.96,0.0,0.0,Reject,Sample total is 0
c10c,761,557,0.7319316688567674,26,0,0,0,0,0,1.96,0.0,0.0,Reject,Sample total is 0
c10d,769,532,0.6918075422626788,26,0,0,0,0,0,1.96,0.0,0.0,Reject,Sample total is 0
c10e,758,611,0.8060686015831134,26,0,0,0,0,0,1.96,0.0,0.0,Reject,Sample total is 0
c10f,768,553,0.7200520833333334,26,0,0,0,0,0,1.96,0.0,0.0,Reject,Sample total is 0
c10g,762,601,0.7887139107611548,26,0,0,0,0,0,1.96,0.0,0.0,Reject,Sample total is 0
c10h,763,636,0.8335517693315858,26,0,0,0,0,0,1.96,0.0,0.0,Reject,Sample total is 0
c10i,742,652,0.8787061994609164,26,0,0,0,0,0,1.96,0.0,0.0,Reject,Sample total is 0
d12,297,207,0.696969696969697,26,0,0,0,0,0,1.96,0.0,0.0,Reject,Sample total is 0
d13,405,225,0.5555555555555556,26,0,0,0,0,0,1.96,0.0,0.0,Reject,Sample total is 0
d7a,119,45,0.37815126050420167,26,0,0,0,0,0,1.96,0.0,0.0,Reject,Sample total is 0
d7b,185,105,0.5675675675675675,26,0,0,0,0,0,1.96,0.0,0.0,Reject,Sample total is 0
d7c,207,116,0.5603864734299517,26,0,0,0,0,0,1.96,0.0,0.0,Reject,Sample total is 0
d8,460,307,0.6673913043478261,26,0,0,0,0,0,1.96,0.0,0.0,Reject,Sample total is 0
d10,523,146,0.27915869980879543,26,0,0,0,0,0,1.96,0.0,0.0,Reject,Sample total is 0
e1a,788,244,0.3096446700507614,26,0,0,0,0,0,1.96,0.0,0.0,Reject,Sample total is 0
e1b,578,272,0.47058823529411764,26,0,0,0,0,0,1.96,0.0,0.0,Reject,Sample total is 0
e1c,736,566,0.7690217391304348,26,0,0,0,0,0,1.96,0.0,0.0,Reject,Sample total is 0
e1f1,739,547,0.7401894451962111,26,0,0,0,0,0,1.96,0.0,0.0,Reject,Sample total is 0
e1f2,750,595,0.7933333333333333,26,0,0,0,0,0,1.96,0.0,0.0,Reject,Sample total is 0
e1f3,744,462,0.6209677419354839,26,0,0,0,0,0,1.96,0.0,0.0,Reject,Sample total is 0
e1f4,740,598,0.8081081081081081,26,0,0,0,0,0,1.96,0.0,0.0,Reject,Sample total is 0
e1f5,737,621,0.8426051560379919,26,0,0,0,0,0,1.96,0.0,0.0,Reject,Sample total is 0
e1i,759,412,0.5428194993412385,26,0,0,0,0,0,1.96,0.0,0.0,Reject,Sample total is 0
e1g,764,414,0.5418848167539267,26,0,0,0,0,0,1.96,0.0,0.0,Reject,Sample total is 0
e1h,762,457,0.5997375328083989,26,0,0,0,0,0,1.96,0.0,0.0,Reject,Sample total is 0
e1k,759,442,0.5823451910408433,26,0,0,0,0,0,1.96,0.0,0.0,Reject,Sample total is 0
e1k1,733,578,0.7885402455661664,26,0,0,0,0,0,1.96,0.0,0.0,Reject,Sample total is 0
e1l,575,165,0.28695652173913044,26,0,0,0,0,0,1.96,0.0,0.0,Reject,Sample total is 0
e1m,580,112,0.19310344827586207,26,0,0,0,0,0,1.96,0.0,0.0,Reject,Sample total is 0
e1m1,578,189,0.32698961937716264,26,0,0,0,0,0,1.96,0.0,0.0,Reject,Sample total is 0
e1n,577,144,0.24956672443674177,26,0,0,0,0,0,1.96,0.0,0.0,Reject,Sample total is 0
e1o,576,126,0.21875,26,0,0,0,0,0,1.96,0.0,0.0,Reject,Sample total is 0
e1p,564,260,0.46099290780141844,26,0,0,0,0,0,1.96,0.0,0.0,Reject,Sample total is 0
e1p1,554,314,0.5667870036101083,26,0,0,0,0,0,1.96,0.0,0.0,Reject,Sample total is 0
e1t,740,493,0.6662162162162162,26,0,0,0,0,0,1.96,0.0,0.0,Reject,Sample total is 0
e1q,253,84,0.33201581027667987,26,0,0,0,0,0,1.96,0.0,0.0,Reject,Sample total is 0
e1s,714,543,0.7605042016806722,26,0,0,0,0,0,1.96,0.0,0.0,Reject,Sample total is 0
e1r,725,498,0.6868965517241379,26,0,0,0,0,0,1.96,0.0,0.0,Reject,Sample total is 0
e1u,715,546,0.7636363636363637,26,0,0,0,0,0,1.96,0.0,0.0,Reject,Sample total is 0
e1v,754,223,0.2957559681697613,26,0,0,0,0,0,1.96,0.0,0.0,Reject,Sample total is 0
e1w,726,365,0.5027548209366391,26,0,0,0,0,0,1.96,0.0,0.0,Reject,Sample total is 0
e1x,729,476,0.6529492455418381,26,0,0,0,0,0,1.96,0.0,0.0,Reject,Sample total is 0
e1x1,714,533,0.7464985994397759,26,0,0,0,0,0,1.96,0.0,0.0,Reject,Sample total is 0
e3a,511,341,0.6673189823874756,26,0,0,0,0,0,1.96,0.0,0.0,Reject,Sample total is 0
e3b,562,118,0.2099644128113879,26,0,0,0,0,0,1.96,0.0,0.0,Reject,Sample total is 0
e3c,524,348,0.6641221374045801,26,0,0,0,0,0,1.96,0.0,0.0,Reject,Sample total is 0
e3d,513,346,0.6744639376218323,26,0,0,0,0,0,1.96,0.0,0.0,Reject,Sample total is 0
e3e,510,386,0.7568627450980392,26,0,0,0,0,0,1.96,0.0,0.0,Reject,Sample total is 0
e3f,543,125,0.2302025782688766,26,0,0,0,0,0,1.96,0.0,0.0,Reject,Sample total is 0
e3g,539,239,0.44341372912801486,26,0,0,0,0,0,1.96,0.0,0.0,Reject,Sample total is 0
e3h,537,260,0.48417132216014896,26,0,0,0,0,0,1.96,0.0,0.0,Reject,Sample total is 0
e3i,522,269,0.5153256704980843,26,0,0,0,0,0,1.96,0.0,0.0,Reject,Sample total is 0
e3j,533,251,0.4709193245778612,26,0,0,0,0,0,1.96,0.0,0.0,Reject,Sample total is 0
d1d,745,683,0.9167785234899329,26,0,0,0,0,0,1.96,0.0,0.0,Reject,Sample total is 0
d1e,745,723,0.9704697986577181,26,0,0,0,0,0,1.96,0.0,0.0,Reject,Sample total is 0
d1f,745,700,0.9395973154362416,26,0,0,0,0,0,1.96,0.0,0.0,Reject,Sample total is 0
d1a,746,95,0.12734584450402145,26,0,0,0,0,0,1.96,0.0,0.0,Reject,Sample total is 0
d1c,745,652,0.8751677852348994,26,0,0,0,0,0,1.96,0.0,0.0,Reject,Sample total is 0
d1b,745,728,0.9771812080536912,26,0,0,0,0,0,1.96,0.0,0.0,Reject,Sample total is 0
d1g,745,282,0.3785234899328859,26,0,0,0,0,0,1.96,0.0,0.0,Reject,Sample total is 0
d1h,745,700,0.9395973154362416,26,0,0,0,0,0,1.96,0.0,0.0,Reject,Sample total is 0
d1i,745,675,0.9060402684563759,26,0,0,0,0,0,1.96,0.0,0.0,Reject,Sample total is 0
d1j,745,742,0.9959731543624161,26,0,0,0,0,0,1.96,0.0,0.0,Reject,Sample total is 0
d2d,561,279,0.49732620320855614,26,0,0,0,0,0,1.96,0.0,0.0,Reject,Sample total is 0
d2e,561,284,0.5062388591800356,26,0,0,0,0,0,1.96,0.0,0.0,Reject,Sample total is 0
d2f,562,340,0.604982206405694,26,0,0,0,0,0,1.96,0.0,0.0,Reject,Sample total is 0
d2a,745,351,0.47114093959731546,26,0,0,0,0,0,1.96,0.0,0.0,Reject,Sample total is 0
d2b,738,286,0.3875338753387534,26,0,0,0,0,0,1.96,0.0,0.0,Reject,Sample total is 0
d2c,558,202,0.36200716845878134,26,0,0,0,0,0,1.96,0.0,0.0,Reject,Sample total is 0
d14a,354,30,0.0847457627118644,26,0,0,0,0,0,1.96,0.0,0.0,Reject,Sample total is 0
d14b,477,410,0.859538784067086,26,0,0,0,0,0,1.96,0.0,0.0,Reject,Sample total is 0
d14c,473,438,0.9260042283298098,26,0,0,0,0,0,1.96,0.0,0.0,Reject,Sample total is 0
d14d,472,438,0.9279661016949152,26,0,0,0,0,0,1.96,0.0,0.0,Reject,Sample total is 0
d14e,460,376,0.8173913043478261,26,0,0,0,0,0,1.96,0.0,0.0,Reject,Sample total is 0
d14f,463,404,0.8725701943844493,26,0,0,0,0,0,1.96,0.0,0.0,Reject,Sample total is 0
d14g,466,304,0.6523605150214592,26,0,0,0,0,0,1.96,0.0,0.0,Reject,Sample total is 0
d15a,584,358,0.613013698630137,26,0,0,0,0,0,1.96,0.0,0.0,Reject,Sample total is 0
d15b,583,474,0.8130360205831904,26,0,0,0,0,0,1.96,0.0,0.0,Reject,Sample total is 0
d15c,583,408,0.6998284734133791,26,0,0,0,0,0,1.96,0.0,0.0,Reject,Sample total is 0
d15d,584,391,0.6695205479452054,26,0,0,0,0,0,1.96,0.0,0.0,Reject,Sample total is 0
d15e,584,342,0.5856164383561644,26,0,0,0,0,0,1.96,0.0,0.0,Reject,Sample total is 0
d15f,584,341,0.583904109589041,26,0,0,0,0,0,1.96,0.0,0.0,Reject,Sample total is 0
d9a,547,103,0.1882998171846435,26,0,0,0,0,0,1.96,0.0,0.0,Reject,Sample total is 0
d9b,544,66,0.1213235294117647,26,0,0,0,0,0,1.96,0.0,0.0,Reject,Sample total is 0
d9c,530,199,0.3754716981132076,26,0,0,0,0,0,1.96,0.0,0.0,Reject,Sample total is 0
d9d,530,309,0.5830188679245283,26,0,0,0,0,0,1.96,0.0,0.0,Reject,Sample total is 0
d9e,534,215,0.40262172284644193,26,0,0,0,0,0,1.96,0.0,0.0,Reject,Sample total is 0
d9f,538,170,0.3159851301115242,26,0,0,0,0,0,1.96,0.0,0.0,Reject,Sample total is 0
d9g,531,385,0.7250470809792844,26,0,0,0,0,0,1.96,0.0,0.0,Reject,Sample total is 0
d9j,524,367,0.700381679389313,26,0,0,0,0,0,1.96,0.0,0.0,Reject,Sample total is 0
d9k,532,340,0.6390977443609023,26,0,0,0,0,0,1.96,0.0,0.0,Reject,Sample total is 0
f1a,755,601,0.7960264900662252,26,0,0,0,0,0,1.96,0.0,0.0,Reject,Sample total is 0
f1b,735,660,0.8979591836734694,26,0,0,0,0,0,1.96,0.0,0.0,Reject,Sample total is 0
f1c,735,596,0.8108843537414966,26,0,0,0,0,0,1.96,0.0,0.0,Reject,Sample total is 0
f1d,728,663,0.9107142857142857,26,0,0,0,0,0,1.96,0.0,0.0,Reject,Sample total is 0
f1e,731,658,0.9001367989056087,26,0,0,0,0,0,1.96,0.0,0.0,Reject,Sample total is 0
f1f,721,634,0.8793342579750347,26,0,0,0,0,0,1.96,0.0,0.0,Reject,Sample total is 0
f1g,732,651,0.889344262295082,26,0,0,0,0,0,1.96,0.0,0.0,Reject,Sample total is 0
f1h,738,651,0.8821138211382114,26,0,0,0,0,0,1.96,0.0,0.0,Reject,Sample total is 0
f1i,734,679,0.9250681198910081,26,0,0,0,0,0,1.96,0.0,0.0,Reject,Sample total is 0
f1j,736,592,0.8043478260869565,26,0,0,0,0,0,1.96,0.0,0.0,Reject,Sample total is 0
f1k,724,635,0.8770718232044199,26,0,0,0,0,0,1.96,0.0,0.0,Reject,Sample total is 0
f1l,724,647,0.893646408839779,26,0,0,0,0,0,1.96,0.0,0.0,Reject,Sample total is 0
f2,536,382,0.7126865671641791,26,0,0,0,0,0,1.96,0.0,0.0,Reject,Sample total is 0
f3,728,578,0.7939560439560439,26,0,0,0,0,0,1.96,0.0,0.0,Reject,Sample total is 0
f4,119,93,0.7815126050420168,26,0,0,0,0,0,1.96,0.0,0.0,Reject,Sample total is 0
f5,23,20,0.8695652173913043,26,0,0,0,0,0,1.96,0.0,0.0,Reject,Sample total is 0
f6a,145,60,0.41379310344827586,26,0,0,0,0,0,1.96,0.0,0.0,Reject,Sample total is 0
f6b,143,87,0.6083916083916084,26,0,0,0,0,0,1.96,0.0,0.0,Reject,Sample total is 0
f6c,146,104,0.7123287671232876,26,0,0,0,0,0,1.96,0.0,0.0,Reject,Sample total is 0
f6d,146,74,0.5068493150684932,26,0,0,0,0,0,1.96,0.0,0.0,Reject,Sample total is 0
f6e,146,83,0.5684931506849316,26,0,0,0,0,0,1.96,0.0,0.0,Reject,Sample total is 0
f6f,0,0,0,26,0,0,0,0,0,1.96,0.0,0.0,Accept,Sample total is 0,Population total is 0
f6g,144,78,0.5416666666666666,26,0,0,0,0,0,1.96,0.0,0.0,Reject,Sample total is 0
f6h,144,109,0.7569444444444444,26,0,0,0,0,0,1.96,0.0,0.0,Reject,Sample total is 0
f8,142,26,0.18309859154929578,26,0,0,0,0,0,1.96,0.0,0.0,Reject,Sample total is 0
f11,710,578,0.8140845070422535,26,0,0,0,0,0,1.96,0.0,0.0,Reject,Sample total is 0
f12,126,50,0.3968253968253968,26,0,0,0,0,0,1.96,0.0,0.0,Reject,Sample total is 0
f13,122,50,0.4098360655737705,26,0,0,0,0,0,1.96,0.0,0.0,Reject,Sample total is 0
f14a,129,84,0.6511627906976745,26,0,0,0,0,0,1.96,0.0,0.0,Reject,Sample total is 0
f14b,129,91,0.7054263565891473,26,0,0,0,0,0,1.96,0.0,0.0,Reject,Sample total is 0
f14j,129,84,0.6511627906976745,26,0,0,0,0,0,1.96,0.0,0.0,Reject,Sample total is 0
f14k,129,103,0.7984496124031008,26,0,0,0,0,0,1.96,0.0,0.0,Reject,Sample total is 0
f14l,129,107,0.8294573643410853,26,0,0,0,0,0,1.96,0.0,0.0,Reject,Sample total is 0
f14m,129,127,0.9844961240310077,26,0,0,0,0,0,1.96,0.0,0.0,Reject,Sample total is 0
f14c,129,76,0.5891472868217055,26,0,0,0,0,0,1.96,0.0,0.0,Reject,Sample total is 0
f14n,129,88,0.6821705426356589,26,0,0,0,0,0,1.96,0.0,0.0,Reject,Sample total is 0
f14o,129,117,0.9069767441860465,26,0,0,0,0,0,1.96,0.0,0.0,Reject,Sample total is 0
f14d,129,110,0.8527131782945736,26,0,0,0,0,0,1.96,0.0,0.0,Reject,Sample total is 0
f14e,129,126,0.9767441860465116,26,0,0,0,0,0,1.96,0.0,0.0,Reject,Sample total is 0
f14p,129,119,0.9224806201550387,26,0,0,0,0,0,1.96,0.0,0.0,Reject,Sample total is 0
f14q,129,126,0.9767441860465116,26,0,0,0,0,0,1.96,0.0,0.0,Reject,Sample total is 0
f14r,129,103,0.7984496124031008,26,0,0,0,0,0,1.96,0.0,0.0,Reject,Sample total is 0
f14f,129,115,0.8914728682170543,26,0,0,0,0,0,1.96,0.0,0.0,Reject,Sample total is 0
f14g,129,116,0.8992248062015504,26,0,0,0,0,0,1.96,0.0,0.0,Reject,Sample total is 0
f14h,129,121,0.937984496124031,26,0,0,0,0,0,1.96,0.0,0.0,Reject,Sample total is 0
f14i,129,122,0.9457364341085271,26,0,0,0,0,0,1.96,0.0,0.0,Reject,Sample total is 0
f15,122,55,0.45081967213114754,26,0,0,0,0,0,1.96,0.0,0.0,Reject,Sample total is 0
f16a,124,54,0.43548387096774194,26,0,0,0,0,0,1.96,0.0,0.0,Reject,Sample total is 0
f16b,124,95,0.7661290322580645,26,0,0,0,0,0,1.96,0.0,0.0,Reject,Sample total is 0
f16c,124,86,0.6935483870967742,26,0,0,0,0,0,1.96,0.0,0.0,Reject,Sample total is 0
f16d,124,112,0.9032258064516129,26,0,0,0,0,0,1.96,0.0,0.0,Reject,Sample total is 0
f16e,124,119,0.9596774193548387,26,0,0,0,0,0,1.96,0.0,0.0,Reject,Sample total is 0
f16f,124,100,0.8064516129032258,26,0,0,0,0,0,1.96,0.0,0.0,Reject,Sample total is 0
f16g,124,106,0.8548387096774194,26,0,0,0,0,0,1.96,0.0,0.0,Reject,Sample total is 0
f16h,124,112,0.9032258064516129,26,0,0,0,0,0,1.96,0.0,0.0,Reject,Sample total is 0
f16i,124,112,0.9032258064516129,26,0,0,0,0,0,1.96,0.0,0.0,Reject,Sample total is 0
f16j,124,114,0.9193548387096774,26,0,0,0,0,0,1.96,0.0,0.0,Reject,Sample total is 0
f16k,124,121,0.9758064516129032,26,0,0,0,0,0,1.96,0.0,0.0,Reject,Sample total is 0
f18,760,567,0.7460526315789474,26,0,0,0,0,0,1.96,0.0,0.0,Reject,Sample total is 0
f19,184,85,0.46195652173913043,26,0,0,0,0,0,1.96,0.0,0.0,Reject,Sample total is 0
f20a,184,79,0.42934782608695654,26,0,0,0,0,0,1.96,0.0,0.0,Reject,Sample total is 0
f20b,177,91,0.5141242937853108,26,0,0,0,0,0,1.96,0.0,0.0,Reject,Sample total is 0
f21a,82,59,0.7195121951219512,26,0,0,0,0,0,1.96,0.0,0.0,Reject,Sample total is 0
f21b,82,54,0.6585365853658537,26,0,0,0,0,0,1.96,0.0,0.0,Reject,Sample total is 0
f21c,82,41,0.5,26,0,0,0,0,0,1.96,0.0,0.0,Reject,Sample total is 0
f21d,82,67,0.8170731707317073,26,0,0,0,0,0,1.96,0.0,0.0,Reject,Sample total is 0
f21e,82,75,0.9146341463414634,26,0,0,0,0,0,1.96,0.0,0.0,Reject,Sample total is 0
f21f,49,36,0.7346938775510204,26,0,0,0,0,0,1.96,0.0,0.0,Reject,Sample total is 0
f21g,63,47,0.746031746031746,26,0,0,0,0,0,1.96,0.0,0.0,Reject,Sample total is 0
f21h,82,73,0.8902439024390244,26,0,0,0,0,0,1.96,0.0,0.0,Reject,Sample total is 0
f21i,82,81,0.9878048780487805,26,0,0,0,0,0,1.96,0.0,0.0,Reject,Sample total is 0
f22a,180,95,0.5277777777777778,26,0,0,0,0,0,1.96,0.0,0.0,Reject,Sample total is 0
f22b,181,122,0.6740331491712708,26,0,0,0,0,0,1.96,0.0,0.0,Reject,Sample total is 0
f22c,176,118,0.6704545454545454,26,0,0,0,0,0,1.96,0.0,0.0,Reject,Sample total is 0
f22d,178,126,0.7078651685393258,26,0,0,0,0,0,1.96,0.0,0.0,Reject,Sample total is 0
f22e,180,110,0.6111111111111112,26,0,0,0,0,0,1.96,0.0,0.0,Reject,Sample total is 0
f23,169,62,0.3668639053254438,26,0,0,0,0,0,1.96,0.0,0.0,Reject,Sample total is 0
f24,748,613,0.81951871657754,26,0,0,0,0,0,1.96,0.0,0.0,Reject,Sample total is 0
f25,133,67,0.5037593984962406,26,0,0,0,0,0,1.96,0.0,0.0,Reject,Sample total is 0
f26a,135,67,0.4962962962962963,26,0,0,0,0,0,1.96,0.0,0.0,Reject,Sample total is 0
f26b,130,76,0.5846153846153846,26,0,0,0,0,0,1.96,0.0,0.0,Reject,Sample total is 0
f27a,51,41,0.803921568627451,26,0,0,0,0,0,1.96,0.0,0.0,Reject,Sample total is 0
f27b,51,34,0.6666666666666666,26,0,0,0,0,0,1.96,0.0,0.0,Reject,Sample total is 0
f27c,51,28,0.5490196078431373,26,0,0,0,0,0,1.96,0.0,0.0,Reject,Sample total is 0
f27d,51,46,0.9019607843137255,26,0,0,0,0,0,1.96,0.0,0.0,Reject,Sample total is 0
f27e,51,45,0.8823529411764706,26,0,0,0,0,0,1.96,0.0,0.0,Reject,Sample total is 0
f27f,33,24,0.7272727272727273,26,0,0,0,0,0,1.96,0.0,0.0,Reject,Sample total is 0
f27g,45,33,0.7333333333333333,26,0,0,0,0,0,1.96,0.0,0.0,Reject,Sample total is 0
f27h,51,49,0.9607843137254902,26,0,0,0,0,0,1.96,0.0,0.0,Reject,Sample total is 0
f27i,51,51,1.0,26,0,0,0,0,0,1.96,0.0,0.0,Reject,Sample total is 0
f28,737,518,0.7028493894165536,26,0,0,0,0,0,1.96,0.0,0.0,Reject,Sample total is 0
f29,96,34,0.3541666666666667,26,0,0,0,0,0,1.96,0.0,0.0,Reject,Sample total is 0
f31a,221,139,0.6289592760180995,26,0,0,0,0,0,1.96,0.0,0.0,Reject,Sample total is 0
f31b,220,78,0.35454545454545455,26,0,0,0,0,0,1.96,0.0,0.0,Reject,Sample total is 0
f31c,221,77,0.34841628959276016,26,0,0,0,0,0,1.96,0.0,0.0,Reject,Sample total is 0
f32d,132,51,0.38636363636363635,26,0,0,0,0,0,1.96,0.0,0.0,Reject,Sample total is 0
f32e,110,92,0.8363636363636363,26,0,0,0,0,0,1.96,0.0,0.0,Reject,Sample total is 0
f32f,94,29,0.30851063829787234,26,0,0,0,0,0,1.96,0.0,0.0,Reject,Sample total is 0
f32g,142,123,0.8661971830985915,26,0,0,0,0,0,1.96,0.0,0.0,Reject,Sample total is 0
f32h,142,128,0.9014084507042254,26,0,0,0,0,0,1.96,0.0,0.0,Reject,Sample total is 0
f32i,142,127,0.8943661971830986,26,0,0,0,0,0,1.96,0.0,0.0,Reject,Sample total is 0
f32j,142,123,0.8661971830985915,26,0,0,0,0,0,1.96,0.0,0.0,Reject,Sample total is 0
f32k,142,138,0.971830985915493,26,0,0,0,0,0,1.96,0.0,0.0,Reject,Sample total is 0
f32l,142,134,0.9436619718309859,26,0,0,0,0,0,1.96,0.0,0.0,Reject,Sample total is 0
f32m,142,135,0.9507042253521126,26,0,0,0,0,0,1.96,0.0,0.0,Reject,Sample total is 0
f32n,142,136,0.9577464788732394,26,0,0,0,0,0,1.96,0.0,0.0,Reject,Sample total is 0
f32o,142,136,0.9577464788732394,26,0,0,0,0,0,1.96,0.0,0.0,Reject,Sample total is 0
f33a,131,38,0.2900763358778626,26,0,0,0,0,0,1.96,0.0,0.0,Reject,Sample total is 0
f33b,134,49,0.3656716417910448,26,0,0,0,0,0,1.96,0.0,0.0,Reject,Sample total is 0
f33c,133,56,0.42105263157894735,26,0,0,0,0,0,1.96,0.0,0.0,Reject,Sample total is 0
f33d,133,83,0.6240601503759399,26,0,0,0,0,0,1.96,0.0,0.0,Reject,Sample total is 0
f33e,135,43,0.31851851851851853,26,0,0,0,0,0,1.96,0.0,0.0,Reject,Sample total is 0
f34,735,621,0.8448979591836735,26,0,0,0,0,0,1.96,0.0,0.0,Reject,Sample total is 0
f35,43,16,0.37209302325581395,26,0,0,0,0,0,1.96,0.0,0.0,Reject,Sample total is 0
f37a,111,78,0.7027027027027027,26,0,0,0,0,0,1.96,0.0,0.0,Reject,Sample total is 0
f37b,115,74,0.6434782608695652,26,0,0,0,0,0,1.96,0.0,0.0,Reject,Sample total is 0
f37c,115,34,0.2956521739130435,26,0,0,0,0,0,1.96,0.0,0.0,Reject,Sample total is 0
f37d,114,68,0.5964912280701754,26,0,0,0,0,0,1.96,0.0,0.0,Reject,Sample total is 0
f37e,114,87,0.7631578947368421,26,0,0,0,0,0,1.96,0.0,0.0,Reject,Sample total is 0
f37f,112,71,0.6339285714285714,26,0,0,0,0,0,1.96,0.0,0.0,Reject,Sample total is 0
f37g,113,71,0.6283185840707964,26,0,0,0,0,0,1.96,0.0,0.0,Reject,Sample total is 0
f37h,113,90,0.7964601769911505,26,0,0,0,0,0,1.96,0.0,0.0,Reject,Sample total is 0
f37i,110,56,0.509090909090909,26,0,0,0,0,0,1.96,0.0,0.0,Reject,Sample total is 0
f38,723,662,0.9156293222683264,26,0,0,0,0,0,1.96,0.0,0.0,Reject,Sample total is 0
f39,53,18,0.33962264150943394,26,0,0,0,0,0,1.96,0.0,0.0,Reject,Sample total is 0
f40a,60,37,0.6166666666666667,26,0,0,0,0,0,1.96,0.0,0.0,Reject,Sample total is 0
f40b,59,38,0.6440677966101694,26,0,0,0,0,0,1.96,0.0,0.0,Reject,Sample total is 0
f40c,57,38,0.6666666666666666,26,0,0,0,0,0,1.96,0.0,0.0,Reject,Sample total is 0
f41a,721,619,0.8585298196948682,26,0,0,0,0,0,1.96,0.0,0.0,Reject,Sample total is 0
f41b,3,2,0.6666666666666666,26,0,0,0,0,0,1.96,0.0,0.0,Reject,Sample total is 0
f41c,712,642,0.901685393258427,26,0,0,0,0,0,1.96,0.0,0.0,Reject,Sample total is 0
f41d,718,647,0.9011142061281338,26,0,0,0,0,0,1.96,0.0,0.0,Reject,Sample total is 0
f41e,713,647,0.9074333800841514,26,0,0,0,0,0,1.96,0.0,0.0,Reject,Sample total is 0
f41f,724,571,0.7886740331491713,26,0,0,0,0,0,1.96,0.0,0.0,Reject,Sample total is 0
f41g,718,514,0.7158774373259053,26,0,0,0,0,0,1.96,0.0,0.0,Reject,Sample total is 0
f41h,720,671,0.9319444444444445,26,0,0,0,0,0,1.96,0.0,0.0,Reject,Sample total is 0
f41i,718,658,0.9164345403899722,26,0,0,0,0,0,1.96,0.0,0.0,Reject,Sample total is 0
f41j,3,3,1.0,26,0,0,0,0,0,1.96,0.0,0.0,Reject,Sample total is 0
f41k,2,2,1.0,26,0,0,0,0,0,1.96,0.0,0.0,Reject,Sample total is 0
f41l,722,636,0.8808864265927978,26,0,0,0,0,0,1.96,0.0,0.0,Reject,Sample total is 0
f41m,4,3,0.75,26,0,0,0,0,0,1.96,0.0,0.0,Reject,Sample total is 0
f41n,725,644,0.8882758620689655,26,0,0,0,0,0,1.96,0.0,0.0,Reject,Sample total is 0
f41o,730,656,0.8986301369863013,26,0,0,0,0,0,1.96,0.0,0.0,Reject,Sample total is 0
f41p,728,585,0.8035714285714286,26,0,0,0,0,0,1.96,0.0,0.0,Reject,Sample total is 0
f43a,723,623,0.8616874135546335,26,0,0,0,0,0,1.96,0.0,0.0,Reject,Sample total is 0
f43b,734,586,0.7983651226158038,26,0,0,0,0,0,1.96,0.0,0.0,Reject,Sample total is 0
f43c,731,664,0.908344733242134,26,0,0,0,0,0,1.96,0.0,0.0,Reject,Sample total is 0
f43d,723,638,0.8824343015214384,26,0,0,0,0,0,1.96,0.0,0.0,Reject,Sample total is 0
f43e,727,687,0.9449793672627235,26,0,0,0,0,0,1.96,0.0,0.0,Reject,Sample total is 0
f43f,571,460,0.8056042031523643,26,0,0,0,0,0,1.96,0.0,0.0,Reject,Sample total is 0
f43g,571,486,0.851138353765324,26,0,0,0,0,0,1.96,0.0,0.0,Reject,Sample total is 0
f43h,722,669,0.9265927977839336,26,0,0,0,0,0,1.96,0.0,0.0,Reject,Sample total is 0
f45a,741,563,0.7597840755735492,26,0,0,0,0,0,1.96,0.0,0.0,Reject,Sample total is 0
f45b,742,561,0.7560646900269542,26,0,0,0,0,0,1.96,0.0,0.0,Reject,Sample total is 0
f45c,746,572,0.7667560321715817,26,0,0,0,0,0,1.96,0.0,0.0,Reject,Sample total is 0
f45d,729,514,0.7050754458161865,26,0,0,0,0,0,1.96,0.0,0.0,Reject,Sample total is 0
f45e,727,536,0.7372764786795049,26,0,0,0,0,0,1.96,0.0,0.0,Reject,Sample total is 0
f45f,724,519,0.7168508287292817,26,0,0,0,0,0,1.96,0.0,0.0,Reject,Sample total is 0
h1,743,112,0.15074024226110364,26,0,0,0,0,0,1.96,0.0,0.0,Reject,Sample total is 0
h2a,762,289,0.37926509186351703,26,0,0,0,0,0,1.96,0.0,0.0,Reject,Sample total is 0
h2b,761,496,0.6517739816031537,26,0,0,0,0,0,1.96,0.0,0.0,Reject,Sample total is 0
h2i,761,614,0.8068331143232589,26,0,0,0,0,0,1.96,0.0,0.0,Reject,Sample total is 0
h2j,761,654,0.859395532194481,26,0,0,0,0,0,1.96,0.0,0.0,Reject,Sample total is 0
h2k,761,649,0.8528252299605782,26,0,0,0,0,0,1.96,0.0,0.0,Reject,Sample total is 0
h2c,761,505,0.6636005256241787,26,0,0,0,0,0,1.96,0.0,0.0,Reject,Sample total is 0
h2l,761,734,0.9645203679369251,26,0,0,0,0,0,1.96,0.0,0.0,Reject,Sample total is 0
h2d,761,682,0.8961892247043364,26,0,0,0,0,0,1.96,0.0,0.0,Reject,Sample total is 0
h2m,761,623,0.8186596583442839,26,0,0,0,0,0,1.96,0.0,0.0,Reject,Sample total is 0
h2e,761,751,0.9868593955321945,26,0,0,0,0,0,1.96,0.0,0.0,Reject,Sample total is 0
h2n,761,756,0.9934296977660972,26,0,0,0,0,0,1.96,0.0,0.0,Reject,Sample total is 0
h2o,761,734,0.9645203679369251,26,0,0,0,0,0,1.96,0.0,0.0,Reject,Sample total is 0
h2p,761,749,0.9842312746386334,26,0,0,0,0,0,1.96,0.0,0.0,Reject,Sample total is 0
h2q,761,724,0.9513797634691196,26,0,0,0,0,0,1.96,0.0,0.0,Reject,Sample total is 0
h2f,761,710,0.9329829172141918,26,0,0,0,0,0,1.96,0.0,0.0,Reject,Sample total is 0
h2g,761,733,0.9632063074901446,26,0,0,0,0,0,1.96,0.0,0.0,Reject,Sample total is 0
h2h,761,703,0.923784494086728,26,0,0,0,0,0,1.96,0.0,0.0,Reject,Sample total is 0
i1,697,474,0.6800573888091822,26,0,0,0,0,0,1.96,0.0,0.0,Reject,Sample total is 0
i2a,743,103,0.1386271870794078,26,0,0,0,0,0,1.96,0.0,0.0,Reject,Sample total is 0
i2b,747,39,0.05220883534136546,26,0,0,0,0,0,1.96,0.0,0.0,Reject,Sample total is 0
i2c,764,48,0.06282722513089005,26,0,0,0,0,0,1.96,0.0,0.0,Reject,Sample total is 0
i3b,746,209,0.2801608579088472,26,0,0,0,0,0,1.96,0.0,0.0,Reject,Sample total is 0
i3c,742,207,0.27897574123989216,26,0,0,0,0,0,1.96,0.0,0.0,Reject,Sample total is 0
i3d,750,177,0.236,26,0,0,0,0,0,1.96,0.0,0.0,Reject,Sample total is 0
i3a,751,176,0.23435419440745672,26,0,0,0,0,0,1.96,0.0,0.0,Reject,Sample total is 0
i4a,721,421,0.5839112343966713,26,0,0,0,0,0,1.96,0.0,0.0,Reject,Sample total is 0
i4b,719,337,0.46870653685674546,26,0,0,0,0,0,1.96,0.0,0.0,Reject,Sample total is 0
i4c,710,382,0.5380281690140845,26,0,0,0,0,0,1.96,0.0,0.0,Reject,Sample total is 0
i4d,718,422,0.5877437325905293,26,0,0,0,0,0,1.96,0.0,0.0,Reject,Sample total is 0
i4e,710,419,0.5901408450704225,26,0,0,0,0,0,1.96,0.0,0.0,Reject,Sample total is 0
i4f,718,436,0.6072423398328691,26,0,0,0,0,0,1.96,0.0,0.0,Reject,Sample total is 0
i4g,692,432,0.6242774566473989,26,0,0,0,0,0,1.96,0.0,0.0,Reject,Sample total is 0
i4h,712,415,0.5828651685393258,26,0,0,0,0,0,1.96,0.0,0.0,Reject,Sample total is 0
i4i,695,403,0.5798561151079137,26,0,0,0,0,0,1.96,0.0,0.0,Reject,Sample total is 0
i4j,697,407,0.5839311334289814,26,0,0,0,0,0,1.96,0.0,0.0,Reject,Sample total is 0
i4k,242,151,0.6239669421487604,26,0,0,0,0,0,1.96,0.0,0.0,Reject,Sample total is 0
i5a,694,409,0.5893371757925072,26,0,0,0,0,0,1.96,0.0,0.0,Reject,Sample total is 0
i5b,708,415,0.5861581920903954,26,0,0,0,0,0,1.96,0.0,0.0,Reject,Sample total is 0
i5c,706,393,0.556657223796034,26,0,0,0,0,0,1.96,0.0,0.0,Reject,Sample total is 0
i5d,711,419,0.5893108298171589,26,0,0,0,0,0,1.96,0.0,0.0,Reject,Sample total is 0
i5e,699,487,0.6967095851216023,26,0,0,0,0,0,1.96,0.0,0.0,Reject,Sample total is 0
i5f,706,481,0.6813031161473088,26,0,0,0,0,0,1.96,0.0,0.0,Reject,Sample total is 0
i6a,581,207,0.35628227194492257,26,0,0,0,0,0,1.96,0.0,0.0,Reject,Sample total is 0
i6b,646,298,0.4613003095975232,26,0,0,0,0,0,1.96,0.0,0.0,Reject,Sample total is 0
i6c,648,349,0.5385802469135802,26,0,0,0,0,0,1.96,0.0,0.0,Reject,Sample total is 0
i6d,684,378,0.5526315789473685,26,0,0,0,0,0,1.96,0.0,0.0,Reject,Sample total is 0
i6e,693,380,0.5483405483405484,26,0,0,0,0,0,1.96,0.0,0.0,Reject,Sample total is 0
i6f,593,212,0.357504215851602,26,0,0,0,0,0,1.96,0.0,0.0,Reject,Sample total is 0
i6g,605,269,0.4446280991735537,26,0,0,0,0,0,1.96,0.0,0.0,Reject,Sample total is 0
i6h,621,341,0.5491143317230274,26,0,0,0,0,0,1.96,0.0,0.0,Reject,Sample total is 0
i6i,666,424,0.6366366366366366,26,0,0,0,0,0,1.96,0.0,0.0,Reject,Sample total is 0
i6j,594,286,0.48148148148148145,26,0,0,0,0,0,1.96,0.0,0.0,Reject,Sample total is 0
i6k,600,297,0.495,26,0,0,0,0,0,1.96,0.0,0.0,Reject,Sample total is 0
i7a,584,497,0.851027397260274,26,0,0,0,0,0,1.96,0.0,0.0,Reject,Sample total is 0
i7b,609,490,0.8045977011494253,26,0,0,0,0,0,1.96,0.0,0.0,Reject,Sample total is 0
i7c,657,357,0.54337899543379,26,0,0,0,0,0,1.96,0.0,0.0,Reject,Sample total is 0
i7d,634,412,0.6498422712933754,26,0,0,0,0,0,1.96,0.0,0.0,Reject,Sample total is 0
i7e,598,447,0.7474916387959866,26,0,0,0,0,0,1.96,0.0,0.0,Reject,Sample total is 0
i7f,610,464,0.760655737704918,26,0,0,0,0,0,1.96,0.0,0.0,Reject,Sample total is 0
i7g,606,494,0.8151815181518152,26,0,0,0,0,0,1.96,0.0,0.0,Reject,Sample total is 0
i7h,609,456,0.7487684729064039,26,0,0,0,0,0,1.96,0.0,0.0,Reject,Sample total is 0
i7i,593,487,0.821247892074199,26,0,0,0,0,0,1.96,0.0,0.0,Reject,Sample total is 0
i8a,507,337,0.6646942800788954,26,0,0,0,0,0,1.96,0.0,0.0,Reject,Sample total is 0
i8b,646,464,0.718266253869969,26,0,0,0,0,0,1.96,0.0,0.0,Reject,Sample total is 0
i8c,506,291,0.575098814229249,26,0,0,0,0,0,1.96,0.0,0.0,Reject,Sample total is 0
i8d,663,492,0.7420814479638009,26,0,0,0,0,0,1.96,0.0,0.0,Reject,Sample total is 0
i8e,489,297,0.6073619631901841,26,0,0,0,0,0,1.96,0.0,0.0,Reject,Sample total is 0
i8f,465,354,0.7612903225806451,26,0,0,0,0,0,1.96,0.0,0.0,Reject,Sample total is 0
j1,732,92,0.12568306010928962,26,0,0,0,0,0,1.96,0.0,0.0,Reject,Sample total is 0
j5a,478,302,0.6317991631799164,26,0,0,0,0,0,1.96,0.0,0.0,Reject,Sample total is 0
j5b,474,381,0.8037974683544303,26,0,0,0,0,0,1.96,0.0,0.0,Reject,Sample total is 0
j5c,480,398,0.8291666666666667,26,0,0,0,0,0,1.96,0.0,0.0,Reject,Sample total is 0
j5d,485,407,0.8391752577319588,26,0,0,0,0,0,1.96,0.0,0.0,Reject,Sample total is 0
j5e,481,424,0.8814968814968815,26,0,0,0,0,0,1.96,0.0,0.0,Reject,Sample total is 0
j5f,464,377,0.8125,26,0,0,0,0,0,1.96,0.0,0.0,Reject,Sample total is 0
j5g,499,369,0.7394789579158316,26,0,0,0,0,0,1.96,0.0,0.0,Reject,Sample total is 0
j5h,500,451,0.902,26,0,0,0,0,0,1.96,0.0,0.0,Reject,Sample total is 0
j5i,485,438,0.9030927835051547,26,0,0,0,0,0,1.96,0.0,0.0,Reject,Sample total is 0
k1a,726,130,0.1790633608815427,26,0,0,0,0,0,1.96,0.0,0.0,Reject,Sample total is 0
k1b,731,146,0.1997264021887825,26,0,0,0,0,0,1.96,0.0,0.0,Reject,Sample total is 0
k1c,732,178,0.24316939890710382,26,0,0,0,0,0,1.96,0.0,0.0,Reject,Sample total is 0
k1d,711,274,0.3853727144866385,26,0,0,0,0,0,1.96,0.0,0.0,Reject,Sample total is 0
k2a,716,384,0.5363128491620112,26,0,0,0,0,0,1.96,0.0,0.0,Reject,Sample total is 0
k2b,717,354,0.49372384937238495,26,0,0,0,0,0,1.96,0.0,0.0,Reject,Sample total is 0
k2c,704,403,0.5724431818181818,26,0,0,0,0,0,1.96,0.0,0.0,Reject,Sample total is 0
k2d,701,409,0.5834522111269614,26,0,0,0,0,0,1.96,0.0,0.0,Reject,Sample total is 0
k2e,704,422,0.5994318181818182,26,0,0,0,0,0,1.96,0.0,0.0,Reject,Sample total is 0
k2f,702,434,0.6182336182336182,26,0,0,0,0,0,1.96,0.0,0.0,Reject,Sample total is 0
k3,702,349,0.49715099715099714,26,0,0,0,0,0,1.96,0.0,0.0,Reject,Sample total is 0
k4a,734,110,0.14986376021798364,26,0,0,0,0,0,1.96,0.0,0.0,Reject,Sample total is 0
k4b,736,172,0.23369565217391305,26,0,0,0,0,0,1.96,0.0,0.0,Reject,Sample total is 0
k4c,729,151,0.20713305898491083,26,0,0,0,0,0,1.96,0.0,0.0,Reject,Sample total is 0
a14,756,82,0.10846560846560846,26,0,0,0,0,0,1.96,0.0,0.0,Reject,Sample total is 0
a15,753,138,0.18326693227091634,26,0,0,0,0,0,1.96,0.0,0.0,Reject,Sample total is 0
a16,753,274,0.36387782204515273,26,0,0,0,0,0,1.96,0.0,0.0,Reject,Sample total is 0
a17,755,96,0.1271523178807947,26,0,0,0,0,0,1.96,0.0,0.0,Reject,Sample total is 0
a17a,758,94,0.12401055408970976,26,0,0,0,0,0,1.96,0.0,0.0,Reject,Sample total is 0
a18,764,151,0.19764397905759162,26,0,0,0,0,0,1.96,0.0,0.0,Reject,Sample total is 0
a19,691,372,0.5383502170767004,26,0,0,0,0,0,1.96,0.0,0.0,Reject,Sample total is 0
a20a,773,322,0.4165588615782665,26,0,0,0,0,0,1.96,0.0,0.0,Reject,Sample total is 0
a20b,774,87,0.1124031007751938,26,0,0,0,0,0,1.96,0.0,0.0,Reject,Sample total is 0
a20c,765,551,0.7202614379084967,26,0,0,0,0,0,1.96,0.0,0.0,Reject,Sample total is 0
a20d,765,520,0.6797385620915033,26,0,0,0,0,0,1.96,0.0,0.0,Reject,Sample total is 0
a20e,755,604,0.8,26,0,0,0,0,0,1.96,0.0,0.0,Reject,Sample total is 0
a20f,761,255,0.33508541392904073,26,0,0,0,0,0,1.96,0.0,0.0,Reject,Sample total is 0
a20g,750,388,0.5173333333333333,26,0,0,0,0,0,1.96,0.0,0.0,Reject,Sample total is 0
a20h,743,461,0.620457604306864,26,0,0,0,0,0,1.96,0.0,0.0,Reject,Sample total is 0
a20i,749,394,0.5260347129506008,26,0,0,0,0,0,1.96,0.0,0.0,Reject,Sample total is 0
a20j,750,313,0.41733333333333333,26,0,0,0,0,0,1.96,0.0,0.0,Reject,Sample total is 0
a20k,741,450,0.6072874493927125,26,0,0,0,0,0,1.96,0.0,0.0,Reject,Sample total is 0
a20l,744,185,0.24865591397849462,26,0,0,0,0,0,1.96,0.0,0.0,Reject,Sample total is 0
a20n,739,288,0.38971583220568334,26,0,0,0,0,0,1.96,0.0,0.0,Reject,Sample total is 0
a20o,742,128,0.1725067385444744,26,0,0,0,0,0,1.96,0.0,0.0,Reject,Sample total is 0
a20p,739,217,0.2936400541271989,26,0,0,0,0,0,1.96,0.0,0.0,Reject,Sample total is 0
a20q,730,377,0.5164383561643836,26,0,0,0,0,0,1.96,0.0,0.0,Reject,Sample total is 0
a20r,734,425,0.5790190735694822,26,0,0,0,0,0,1.96,0.0,0.0,Reject,Sample total is 0
a20s,756,99,0.13095238095238096,26,0,0,0,0,0,1.96,0.0,0.0,Reject,Sample total is 0
a20t,728,331,0.45467032967032966,26,0,0,0,0,0,1.96,0.0,0.0,Reject,Sample total is 0
a20u,731,190,0.25991792065663477,26,0,0,0,0,0,1.96,0.0,0.0,Reject,Sample total is 0
a20v,735,158,0.21496598639455783,26,0,0,0,0,0,1.96,0.0,0.0,Reject,Sample total is 0
a20w,723,166,0.22959889349930843,26,0,0,0,0,0,1.96,0.0,0.0,Reject,Sample total is 0
a20x,735,127,0.1727891156462585,26,0,0,0,0,0,1.96,0.0,0.0,Reject,Sample total is 0
a21a,724,260,0.35911602209944754,26,0,0,0,0,0,1.96,0.0,0.0,Reject,Sample total is 0
a21b,730,428,0.5863013698630137,26,0,0,0,0,0,1.96,0.0,0.0,Reject,Sample total is 0
a21c,722,351,0.48614958448753465,26,0,0,0,0,0,1.96,0.0,0.0,Reject,Sample total is 0
a21d,729,337,0.46227709190672156,26,0,0,0,0,0,1.96,0.0,0.0,Reject,Sample total is 0
a22a,438,340,0.776255707762557,26,0,0,0,0,0,1.96,0.0,0.0,Reject,Sample total is 0
a22b,438,344,0.7853881278538812,26,0,0,0,0,0,1.96,0.0,0.0,Reject,Sample total is 0
a22c,438,378,0.863013698630137,26,0,0,0,0,0,1.96,0.0,0.0,Reject,Sample total is 0
a22d,438,324,0.7397260273972602,26,0,0,0,0,0,1.96,0.0,0.0,Reject,Sample total is 0
a22e,438,394,0.8995433789954338,26,0,0,0,0,0,1.96,0.0,0.0,Reject,Sample total is 0
a22f,438,361,0.8242009132420092,26,0,0,0,0,0,1.96,0.0,0.0,Reject,Sample total is 0
a22g,438,407,0.9292237442922374,26,0,0,0,0,0,1.96,0.0,0.0,Reject,Sample total is 0
a22h,438,308,0.7031963470319634,26,0,0,0,0,0,1.96,0.0,0.0,Reject,Sample total is 0
a22i,438,368,0.8401826484018264,26,0,0,0,0,0,1.96,0.0,0.0,Reject,Sample total is 0
a22j,438,311,0.7100456621004566,26,0,0,0,0,0,1.96,0.0,0.0,Reject,Sample total is 0
a22k,438,409,0.9337899543378996,26,0,0,0,0,0,1.96,0.0,0.0,Reject,Sample total is 0
a22l,438,411,0.9383561643835616,26,0,0,0,0,0,1.96,0.0,0.0,Reject,Sample total is 0
a22m,438,422,0.9634703196347032,26,0,0,0,0,0,1.96,0.0,0.0,Reject,Sample total is 0
a22n,438,415,0.9474885844748858,26,0,0,0,0,0,1.96,0.0,0.0,Reject,Sample total is 0
a22o,438,423,0.9657534246575342,26,0,0,0,0,0,1.96,0.0,0.0,Reject,Sample total is 0
a23,537,387,0.7206703910614525,26,0,0,0,0,0,1.96,0.0,0.0,Reject,Sample total is 0
a24a,721,539,0.7475728155339806,26,0,0,0,0,0,1.96,0.0,0.0,Reject,Sample total is 0
a24b,731,526,0.719562243502052,26,0,0,0,0,0,1.96,0.0,0.0,Reject,Sample total is 0
a25a,721,651,0.9029126213592233,26,0,0,0,0,0,1.96,0.0,0.0,Reject,Sample total is 0
a25b,740,615,0.831081081081081,26,0,0,0,0,0,1.96,0.0,0.0,Reject,Sample total is 0
a25c,703,634,0.9018492176386913,26,0,0,0,0,0,1.96,0.0,0.0,Reject,Sample total is 0
a25d,731,625,0.8549931600547196,26,0,0,0,0,0,1.96,0.0,0.0,Reject,Sample total is 0
a25e,722,680,0.9418282548476454,26,0,0,0,0,0,1.96,0.0,0.0,Reject,Sample total is 0
a25f,715,614,0.8587412587412587,26,0,0,0,0,0,1.96,0.0,0.0,Reject,Sample total is 0
a26a,704,243,0.34517045454545453,26,0,0,0,0,0,1.96,0.0,0.0,Reject,Sample total is 0
a26b,684,286,0.41812865497076024,26,0,0,0,0,0,1.96,0.0,0.0,Reject,Sample total is 0
a26c,689,189,0.274310595065312,26,0,0,0,0,0,1.96,0.0,0.0,Reject,Sample total is 0
a26d,690,214,0.3101449275362319,26,0,0,0,0,0,1.96,0.0,0.0,Reject,Sample total is 0
a26g,701,167,0.23823109843081314,26,0,0,0,0,0,1.96,0.0,0.0,Reject,Sample total is 0
a27,788,70,0.08883248730964467,26,0,0,0,0,0,1.96,0.0,0.0,Reject,Sample total is 0
a28,781,774,0.9910371318822023,26,0,0,0,0,0,1.96,0.0,0.0,Reject,Sample total is 0
a29a,726,290,0.39944903581267216,26,0,0,0,0,0,1.96,0.0,0.0,Reject,Sample total is 0
a29b,722,295,0.4085872576177285,26,0,0,0,0,0,1.96,0.0,0.0,Reject,Sample total is 0
g1a,706,614,0.8696883852691218,26,0,0,0,0,0,1.96,0.0,0.0,Reject,Sample total is 0
g1b,699,615,0.8798283261802575,26,0,0,0,0,0,1.96,0.0,0.0,Reject,Sample total is 0
g1c,705,580,0.8226950354609929,26,0,0,0,0,0,1.96,0.0,0.0,Reject,Sample total is 0
g2a,681,609,0.8942731277533039,26,0,0,0,0,0,1.96,0.0,0.0,Reject,Sample total is 0
g2b,691,602,0.8712011577424024,26,0,0,0,0,0,1.96,0.0,0.0,Reject,Sample total is 0
g2c,691,622,0.9001447178002895,26,0,0,0,0,0,1.96,0.0,0.0,Reject,Sample total is 0
g2d,697,638,0.9153515064562411,26,0,0,0,0,0,1.96,0.0,0.0,Reject,Sample total is 0
g3a,71,41,0.5774647887323944,26,0,0,0,0,0,1.96,0.0,0.0,Reject,Sample total is 0
g3b,88,47,0.5340909090909091,26,0,0,0,0,0,1.96,0.0,0.0,Reject,Sample total is 0
g3c,65,32,0.49230769230769234,26,0,0,0,0,0,1.96,0.0,0.0,Reject,Sample total is 0
g3d,58,34,0.5862068965517241,26,0,0,0,0,0,1.96,0.0,0.0,Reject,Sample total is 0
g4,122,92,0.7540983606557377,26,0,0,0,0,0,1.96,0.0,0.0,Reject,Sample total is 0
g5,58,28,0.4827586206896552,26,0,0,0,0,0,1.96,0.0,0.0,Reject,Sample total is 0
g9a,127,92,0.7244094488188977,26,0,0,0,0,0,1.96,0.0,0.0,Reject,Sample total is 0
g9b,127,106,0.8346456692913385,26,0,0,0,0,0,1.96,0.0,0.0,Reject,Sample total is 0
g9c,127,101,0.7952755905511811,26,0,0,0,0,0,1.96,0.0,0.0,Reject,Sample total is 0
g9d,127,111,0.8740157480314961,26,0,0,0,0,0,1.96,0.0,0.0,Reject,Sample total is 0
g9e,127,107,0.84251968503937,26,0,0,0,0,0,1.96,0.0,0.0,Reject,Sample total is 0
g9f,127,109,0.8582677165354331,26,0,0,0,0,0,1.96,0.0,0.0,Reject,Sample total is 0
g9g,127,102,0.8031496062992126,26,0,0,0,0,0,1.96,0.0,0.0,Reject,Sample total is 0
g9h,127,116,0.9133858267716536,26,0,0,0,0,0,1.96,0.0,0.0,Reject,Sample total is 0
g9j,127,113,0.889763779527559,26,0,0,0,0,0,1.96,0.0,0.0,Reject,Sample total is 0
g9i,127,120,0.9448818897637795,26,0,0,0,0,0,1.96,0.0,0.0,Reject,Sample total is 0
g9k,127,117,0.9212598425196851,26,0,0,0,0,0,1.96,0.0,0.0,Reject,Sample total is 0
g9l,127,105,0.8267716535433071,26,0,0,0,0,0,1.96,0.0,0.0,Reject,Sample total is 0
l41a,719,332,0.4617524339360223,26,0,0,0,0,0,1.96,0.0,0.0,Reject,Sample total is 0
l41b,718,610,0.8495821727019499,26,0,0,0,0,0,1.96,0.0,0.0,Reject,Sample total is 0
l41c,719,632,0.8789986091794159,26,0,0,0,0,0,1.96,0.0,0.0,Reject,Sample total is 0
l41d,717,692,0.9651324965132496,26,0,0,0,0,0,1.96,0.0,0.0,Reject,Sample total is 0
l41e,718,531,0.7395543175487466,26,0,0,0,0,0,1.96,0.0,0.0,Reject,Sample total is 0
l41f,718,473,0.658774373259053,26,0,0,0,0,0,1.96,0.0,0.0,Reject,Sample total is 0
l41g,717,622,0.8675034867503487,26,0,0,0,0,0,1.96,0.0,0.0,Reject,Sample total is 0
l35a,760,147,0.19342105263157894,26,0,0,0,0,0,1.96,0.0,0.0,Reject,Sample total is 0
l35b,760,314,0.4131578947368421,26,0,0,0,0,0,1.96,0.0,0.0,Reject,Sample total is 0
l35c,760,237,0.3118421052631579,26,0,0,0,0,0,1.96,0.0,0.0,Reject,Sample total is 0
l35d,760,463,0.6092105263157894,26,0,0,0,0,0,1.96,0.0,0.0,Reject,Sample total is 0
l35e,760,480,0.631578947368421,26,0,0,0,0,0,1.96,0.0,0.0,Reject,Sample total is 0
l35f,760,480,0.631578947368421,26,0,0,0,0,0,1.96,0.0,0.0,Reject,Sample total is 0
l35g,760,535,0.7039473684210527,26,0,0,0,0,0,1.96,0.0,0.0,Reject,Sample total is 0
l35h,760,584,0.7684210526315789,26,0,0,0,0,0,1.96,0.0,0.0,Reject,Sample total is 0
l35i,760,499,0.656578947368421,26,0,0,0,0,0,1.96,0.0,0.0,Reject,Sample total is 0
l35j,760,584,0.7684210526315789,26,0,0,0,0,0,1.96,0.0,0.0,Reject,Sample total is 0
l35k,760,470,0.618421052631579,26,0,0,0,0,0,1.96,0.0,0.0,Reject,Sample total is 0
l35l,760,722,0.95,26,0,0,0,0,0,1.96,0.0,0.0,Reject,Sample total is 0
l34a,753,730,0.9694555112881806,26,0,0,0,0,0,1.96,0.0,0.0,Reject,Sample total is 0
l34b,750,692,0.9226666666666666,26,0,0,0,0,0,1.96,0.0,0.0,Reject,Sample total is 0
l34c,749,738,0.9853137516688919,26,0,0,0,0,0,1.96,0.0,0.0,Reject,Sample total is 0
l34d,744,650,0.8736559139784946,26,0,0,0,0,0,1.96,0.0,0.0,Reject,Sample total is 0
l34e,752,687,0.913563829787234,26,0,0,0,0,0,1.96,0.0,0.0,Reject,Sample total is 0
l34f,748,734,0.9812834224598931,26,0,0,0,0,0,1.96,0.0,0.0,Reject,Sample total is 0
l45a,762,188,0.24671916010498687,26,0,0,0,0,0,1.96,0.0,0.0,Reject,Sample total is 0
l45b,762,493,0.6469816272965879,26,0,0,0,0,0,1.96,0.0,0.0,Reject,Sample total is 0
l45c,762,200,0.26246719160104987,26,0,0,0,0,0,1.96,0.0,0.0,Reject,Sample total is 0
l45d,762,525,0.6889763779527559,26,0,0,0,0,0,1.96,0.0,0.0,Reject,Sample total is 0
l45e,762,482,0.6325459317585301,26,0,0,0,0,0,1.96,0.0,0.0,Reject,Sample total is 0
l45f,762,477,0.6259842519685039,26,0,0,0,0,0,1.96,0.0,0.0,Reject,Sample total is 0
l45g,762,551,0.7230971128608924,26,0,0,0,0,0,1.96,0.0,0.0,Reject,Sample total is 0
l45h,762,544,0.7139107611548556,26,0,0,0,0,0,1.96,0.0,0.0,Reject,Sample total is 0
l45i,762,687,0.9015748031496063,26,0,0,0,0,0,1.96,0.0,0.0,Reject,Sample total is 0
l45j,762,470,0.6167979002624672,26,0,0,0,0,0,1.96,0.0,0.0,Reject,Sample total is 0
l45k,762,724,0.9501312335958005,26,0,0,0,0,0,1.96,0.0,0.0,Reject,Sample total is 0
l47a,160,120,0.75,26,0,0,0,0,0,1.96,0.0,0.0,Reject,Sample total is 0
l47b,160,77,0.48125,26,0,0,0,0,0,1.96,0.0,0.0,Reject,Sample total is 0
l47c,160,112,0.7,26,0,0,0,0,0,1.96,0.0,0.0,Reject,Sample total is 0
l47d,160,133,0.83125,26,0,0,0,0,0,1.96,0.0,0.0,Reject,Sample total is 0
l47e,160,126,0.7875,26,0,0,0,0,0,1.96,0.0,0.0,Reject,Sample total is 0
l47f,160,77,0.48125,26,0,0,0,0,0,1.96,0.0,0.0,Reject,Sample total is 0
l47g,160,108,0.675,26,0,0,0,0,0,1.96,0.0,0.0,Reject,Sample total is 0
l47h,160,151,0.94375,26,0,0,0,0,0,1.96,0.0,0.0,Reject,Sample total is 0
l6a,300,208,0.6933333333333334,26,0,0,0,0,0,1.96,0.0,0.0,Reject,Sample total is 0
l6b,315,144,0.45714285714285713,26,0,0,0,0,0,1.96,0.0,0.0,Reject,Sample total is 0
l6c,313,258,0.8242811501597445,26,0,0,0,0,0,1.96,0.0,0.0,Reject,Sample total is 0
l6d,313,268,0.8562300319488818,26,0,0,0,0,0,1.96,0.0,0.0,Reject,Sample total is 0
l6e,305,275,0.9016393442622951,26,0,0,0,0,0,1.96,0.0,0.0,Reject,Sample total is 0
l6f,314,235,0.7484076433121019,26,0,0,0,0,0,1.96,0.0,0.0,Reject,Sample total is 0
l7a,311,228,0.7331189710610932,26,0,0,0,0,0,1.96,0.0,0.0,Reject,Sample total is 0
l7b,312,146,0.46794871794871795,26,0,0,0,0,0,1.96,0.0,0.0,Reject,Sample total is 0
l7c,307,251,0.8175895765472313,26,0,0,0,0,0,1.96,0.0,0.0,Reject,Sample total is 0
l7d,309,256,0.8284789644012945,26,0,0,0,0,0,1.96,0.0,0.0,Reject,Sample total is 0
l7e,311,255,0.819935691318328,26,0,0,0,0,0,1.96,0.0,0.0,Reject,Sample total is 0
l7f,304,293,0.9638157894736842,26,0,0,0,0,0,1.96,0.0,0.0,Reject,Sample total is 0
l8a,310,104,0.33548387096774196,26,0,0,0,0,0,1.96,0.0,0.0,Reject,Sample total is 0
l8b,302,171,0.5662251655629139,26,0,0,0,0,0,1.96,0.0,0.0,Reject,Sample total is 0
l8c,300,254,0.8466666666666667,26,0,0,0,0,0,1.96,0.0,0.0,Reject,Sample total is 0
l8f1,295,257,0.8711864406779661,26,0,0,0,0,0,1.96,0.0,0.0,Reject,Sample total is 0
l8f2,293,247,0.8430034129692833,26,0,0,0,0,0,1.96,0.0,0.0,Reject,Sample total is 0
l8f3,298,182,0.610738255033557,26,0,0,0,0,0,1.96,0.0,0.0,Reject,Sample total is 0
l8f4,300,285,0.95,26,0,0,0,0,0,1.96,0.0,0.0,Reject,Sample total is 0
l8f5,297,264,0.8888888888888888,26,0,0,0,0,0,1.96,0.0,0.0,Reject,Sample total is 0
l8i,301,150,0.4983388704318937,26,0,0,0,0,0,1.96,0.0,0.0,Reject,Sample total is 0
l8g,303,138,0.45544554455445546,26,0,0,0,0,0,1.96,0.0,0.0,Reject,Sample total is 0
l8h,298,170,0.5704697986577181,26,0,0,0,0,0,1.96,0.0,0.0,Reject,Sample total is 0
l8k,299,176,0.5886287625418061,26,0,0,0,0,0,1.96,0.0,0.0,Reject,Sample total is 0
l8k1,289,263,0.9100346020761245,26,0,0,0,0,0,1.96,0.0,0.0,Reject,Sample total is 0
l8l,300,87,0.29,26,0,0,0,0,0,1.96,0.0,0.0,Reject,Sample total is 0
l8m,303,83,0.2739273927392739,26,0,0,0,0,0,1.96,0.0,0.0,Reject,Sample total is 0
l8m1,302,120,0.3973509933774834,26,0,0,0,0,0,1.96,0.0,0.0,Reject,Sample total is 0
l8n,302,69,0.22847682119205298,26,0,0,0,0,0,1.96,0.0,0.0,Reject,Sample total is 0
l8o,299,55,0.18394648829431437,26,0,0,0,0,0,1.96,0.0,0.0,Reject,Sample total is 0
l8p,295,139,0.4711864406779661,26,0,0,0,0,0,1.96,0.0,0.0,Reject,Sample total is 0
l8p1,295,187,0.6338983050847458,26,0,0,0,0,0,1.96,0.0,0.0,Reject,Sample total is 0
l8t,293,220,0.7508532423208191,26,0,0,0,0,0,1.96,0.0,0.0,Reject,Sample total is 0
l8q,292,182,0.6232876712328768,26,0,0,0,0,0,1.96,0.0,0.0,Reject,Sample total is 0
l8s,290,230,0.7931034482758621,26,0,0,0,0,0,1.96,0.0,0.0,Reject,Sample total is 0
l8r,288,226,0.7847222222222222,26,0,0,0,0,0,1.96,0.0,0.0,Reject,Sample total is 0
l8u,287,261,0.9094076655052264,26,0,0,0,0,0,1.96,0.0,0.0,Reject,Sample total is 0
l8v,297,147,0.494949494949495,26,0,0,0,0,0,1.96,0.0,0.0,Reject,Sample total is 0
l8w,286,175,0.6118881118881119,26,0,0,0,0,0,1.96,0.0,0.0,Reject,Sample total is 0
l8x,282,233,0.8262411347517731,26,0,0,0,0,0,1.96,0.0,0.0,Reject,Sample total is 0
l8x1,284,246,0.8661971830985915,26,0,0,0,0,0,1.96,0.0,0.0,Reject,Sample total is 0
l48a,610,74,0.12131147540983607,26,0,0,0,0,0,1.96,0.0,0.0,Reject,Sample total is 0
l48b,609,388,0.6371100164203612,26,0,0,0,0,0,1.96,0.0,0.0,Reject,Sample total is 0
l48c,609,469,0.7701149425287356,26,0,0,0,0,0,1.96,0.0,0.0,Reject,Sample total is 0
l48d,609,464,0.7619047619047619,26,0,0,0,0,0,1.96,0.0,0.0,Reject,Sample total is 0
l49a,699,413,0.5908440629470673,26,0,0,0,0,0,1.96,0.0,0.0,Reject,Sample total is 0
l49b,698,467,0.669054441260745,26,0,0,0,0,0,1.96,0.0,0.0,Reject,Sample total is 0
l49c,702,545,0.7763532763532763,26,0,0,0,0,0,1.96,0.0,0.0,Reject,Sample total is 0
l49d,695,607,0.8733812949640288,26,0,0,0,0,0,1.96,0.0,0.0,Reject,Sample total is 0
l49e,690,582,0.8434782608695652,26,0,0,0,0,0,1.96,0.0,0.0,Reject,Sample total is 0
l12a,610,235,0.38524590163934425,26,0,0,0,0,0,1.96,0.0,0.0,Reject,Sample total is 0
l12d,648,275,0.4243827160493827,26,0,0,0,0,0,1.96,0.0,0.0,Reject,Sample total is 0
l12b,641,343,0.5351014040561622,26,0,0,0,0,0,1.96,0.0,0.0,Reject,Sample total is 0
l12e,666,313,0.46996996996997,26,0,0,0,0,0,1.96,0.0,0.0,Reject,Sample total is 0
l12c,661,355,0.5370650529500757,26,0,0,0,0,0,1.96,0.0,0.0,Reject,Sample total is 0
l12f,589,225,0.38200339558573854,26,0,0,0,0,0,1.96,0.0,0.0,Reject,Sample total is 0
l12g,594,280,0.4713804713804714,26,0,0,0,0,0,1.96,0.0,0.0,Reject,Sample total is 0
l12h,628,389,0.6194267515923567,26,0,0,0,0,0,1.96,0.0,0.0,Reject,Sample total is 0
l12i,680,500,0.7352941176470589,26,0,0,0,0,0,1.96,0.0,0.0,Reject,Sample total is 0
l12j,548,227,0.4142335766423358,26,0,0,0,0,0,1.96,0.0,0.0,Reject,Sample total is 0
l12k,616,320,0.5194805194805194,26,0,0,0,0,0,1.96,0.0,0.0,Reject,Sample total is 0
l50a,687,278,0.40465793304221254,26,0,0,0,0,0,1.96,0.0,0.0,Reject,Sample total is 0
l50b,703,285,0.40540540540540543,26,0,0,0,0,0,1.96,0.0,0.0,Reject,Sample total is 0
l50c,696,421,0.6048850574712644,26,0,0,0,0,0,1.96,0.0,0.0,Reject,Sample total is 0
l50d,695,332,0.4776978417266187,26,0,0,0,0,0,1.96,0.0,0.0,Reject,Sample total is 0
l50e,682,369,0.5410557184750733,26,0,0,0,0,0,1.96,0.0,0.0,Reject,Sample total is 0
l50f,675,421,0.6237037037037036,26,0,0,0,0,0,1.96,0.0,0.0,Reject,Sample total is 0
l13a,639,535,0.837245696400626,26,0,0,0,0,0,1.96,0.0,0.0,Reject,Sample total is 0
l13b,632,522,0.8259493670886076,26,0,0,0,0,0,1.96,0.0,0.0,Reject,Sample total is 0
l13c,665,310,0.46616541353383456,26,0,0,0,0,0,1.96,0.0,0.0,Reject,Sample total is 0
l13d,658,425,0.6458966565349544,26,0,0,0,0,0,1.96,0.0,0.0,Reject,Sample total is 0
l13e,620,535,0.8629032258064516,26,0,0,0,0,0,1.96,0.0,0.0,Reject,Sample total is 0
l13f,623,548,0.8796147672552167,26,0,0,0,0,0,1.96,0.0,0.0,Reject,Sample total is 0
l13g,628,551,0.8773885350318471,26,0,0,0,0,0,1.96,0.0,0.0,Reject,Sample total is 0
l13h,636,531,0.8349056603773585,26,0,0,0,0,0,1.96,0.0,0.0,Reject,Sample total is 0
l13i,613,573,0.9347471451876019,26,0,0,0,0,0,1.96,0.0,0.0,Reject,Sample total is 0
l14a,668,409,0.6122754491017964,26,0,0,0,0,0,1.96,0.0,0.0,Reject,Sample total is 0
l14b,668,454,0.6796407185628742,26,0,0,0,0,0,1.96,0.0,0.0,Reject,Sample total is 0
l14c,664,444,0.6686746987951807,26,0,0,0,0,0,1.96,0.0,0.0,Reject,Sample total is 0
l14d,667,476,0.7136431784107946,26,0,0,0,0,0,1.96,0.0,0.0,Reject,Sample total is 0
l14e,667,466,0.6986506746626686,26,0,0,0,0,0,1.96,0.0,0.0,Reject,Sample total is 0
l14f,649,542,0.8351309707241911,26,0,0,0,0,0,1.96,0.0,0.0,Reject,Sample total is 0
l21a,564,501,0.8882978723404256,26,0,0,0,0,0,1.96,0.0,0.0,Reject,Sample total is 0
l21b,581,539,0.927710843373494,26,0,0,0,0,0,1.96,0.0,0.0,Reject,Sample total is 0
l21d,578,553,0.9567474048442907,26,0,0,0,0,0,1.96,0.0,0.0,Reject,Sample total is 0
l21c,603,567,0.9402985074626866,26,0,0,0,0,0,1.96,0.0,0.0,Reject,Sample total is 0
l21e,575,538,0.9356521739130435,26,0,0,0,0,0,1.96,0.0,0.0,Reject,Sample total is 0
l22a,577,503,0.8717504332755632,26,0,0,0,0,0,1.96,0.0,0.0,Reject,Sample total is 0
l22b,580,506,0.8724137931034482,26,0,0,0,0,0,1.96,0.0,0.0,Reject,Sample total is 0
l22c,574,521,0.9076655052264808,26,0,0,0,0,0,1.96,0.0,0.0,Reject,Sample total is 0
l22d,569,519,0.9121265377855887,26,0,0,0,0,0,1.96,0.0,0.0,Reject,Sample total is 0
l22e,588,518,0.8809523809523809,26,0,0,0,0,0,1.96,0.0,0.0,Reject,Sample total is 0
l22f,579,470,0.8117443868739206,26,0,0,0,0,0,1.96,0.0,0.0,Reject,Sample total is 0
l23a,574,538,0.9372822299651568,26,0,0,0,0,0,1.96,0.0,0.0,Reject,Sample total is 0
l23b,551,482,0.8747731397459165,26,0,0,0,0,0,1.96,0.0,0.0,Reject,Sample total is 0
l23c,601,572,0.9517470881863561,26,0,0,0,0,0,1.96,0.0,0.0,Reject,Sample total is 0
l23d,586,554,0.9453924914675768,26,0,0,0,0,0,1.96,0.0,0.0,Reject,Sample total is 0
l23e,586,571,0.9744027303754266,26,0,0,0,0,0,1.96,0.0,0.0,Reject,Sample total is 0
l23f,606,561,0.9257425742574258,26,0,0,0,0,0,1.96,0.0,0.0,Reject,Sample total is 0
l23g,572,537,0.9388111888111889,26,0,0,0,0,0,1.96,0.0,0.0,Reject,Sample total is 0
l23h,602,582,0.9667774086378738,26,0,0,0,0,0,1.96,0.0,0.0,Reject,Sample total is 0
l24a,538,448,0.8327137546468402,26,0,0,0,0,0,1.96,0.0,0.0,Reject,Sample total is 0
l24b,542,505,0.9317343173431735,26,0,0,0,0,0,1.96,0.0,0.0,Reject,Sample total is 0
l24c,579,566,0.9775474956822107,26,0,0,0,0,0,1.96,0.0,0.0,Reject,Sample total is 0
l24d,548,522,0.9525547445255474,26,0,0,0,0,0,1.96,0.0,0.0,Reject,Sample total is 0
l24e,535,505,0.9439252336448598,26,0,0,0,0,0,1.96,0.0,0.0,Reject,Sample total is 0
l24f,545,507,0.9302752293577982,26,0,0,0,0,0,1.96,0.0,0.0,Reject,Sample total is 0
l24g,557,545,0.9784560143626571,26,0,0,0,0,0,1.96,0.0,0.0,Reject,Sample total is 0
l24h,559,550,0.9838998211091234,26,0,0,0,0,0,1.96,0.0,0.0,Reject,Sample total is 0
l24i,569,556,0.9771528998242531,26,0,0,0,0,0,1.96,0.0,0.0,Reject,Sample total is 0
l24j,583,572,0.9811320754716981,26,0,0,0,0,0,1.96,0.0,0.0,Reject,Sample total is 0
l27,714,439,0.6148459383753502,26,0,0,0,0,0,1.96,0.0,0.0,Reject,Sample total is 0
l36,764,60,0.07853403141361257,26,0,0,0,0,0,1.96,0.0,0.0,Reject,Sample total is 0
l28,698,229,0.32808022922636104,26,0,0,0,0,0,1.96,0.0,0.0,Reject,Sample total is 0
l37,372,335,0.9005376344086021,26,0,0,0,0,0,1.96,0.0,0.0,Reject,Sample total is 0
l38,631,617,0.9778129952456418,26,0,0,0,0,0,1.96,0.0,0.0,Reject,Sample total is 0
l31,756,205,0.27116402116402116,26,0,0,0,0,0,1.96,0.0,0.0,Reject,Sample total is 0
l39,13,1,0.07692307692307693,26,0,0,0,0,0,1.96,0.0,0.0,Reject,Sample total is 0
l32,757,341,0.45046235138705415,26,0,0,0,0,0,1.96,0.0,0.0,Reject,Sample total is 0
l40,404,196,0.48514851485148514,26,0,0,0,0,0,1.96,0.0,0.0,Reject,Sample total is 0
l33,91,43,0.4725274725274725,26,0,0,0,0,0,1.96,0.0,0.0,Reject,Sample total is 0
l41,0,0,0,26,0,0,0,0,0,1.96,0.0,0.0,Accept,Sample total is 0,Selected feature not found for population,Population total is 0
l41a,719,332,0.4617524339360223,26,0,0,0,0,0,1.96,0.0,0.0,Reject,Sample total is 0
l41b,718,610,0.8495821727019499,26,0,0,0,0,0,1.96,0.0,0.0,Reject,Sample total is 0
l41c,719,632,0.8789986091794159,26,0,0,0,0,0,1.96,0.0,0.0,Reject,Sample total is 0
l41d,717,692,0.9651324965132496,26,0,0,0,0,0,1.96,0.0,0.0,Reject,Sample total is 0
l41e,718,531,0.7395543175487466,26,0,0,0,0,0,1.96,0.0,0.0,Reject,Sample total is 0
l41f,718,473,0.658774373259053,26,0,0,0,0,0,1.96,0.0,0.0,Reject,Sample total is 0
l41g,717,622,0.8675034867503487,26,0,0,0,0,0,1.96,0.0,0.0,Reject,Sample total is 0
l42,629,47,0.07472178060413355,26,0,0,0,0,0,1.96,0.0,0.0,Reject,Sample total is 0
l43,0,0,0,26,0,0,0,0,0,1.96,0.0,0.0,Accept,Sample total is 0,Population total is 0
l44,770,143,0.18571428571428572,26,0,0,0,0,0,1.96,0.0,0.0,Reject,Sample total is 0
l35a,760,147,0.19342105263157894,26,0,0,0,0,0,1.96,0.0,0.0,Reject,Sample total is 0
l35b,760,314,0.4131578947368421,26,0,0,0,0,0,1.96,0.0,0.0,Reject,Sample total is 0
l35c,760,237,0.3118421052631579,26,0,0,0,0,0,1.96,0.0,0.0,Reject,Sample total is 0
l35d,760,463,0.6092105263157894,26,0,0,0,0,0,1.96,0.0,0.0,Reject,Sample total is 0
l35e,760,480,0.631578947368421,26,0,0,0,0,0,1.96,0.0,0.0,Reject,Sample total is 0
l35f,760,480,0.631578947368421,26,0,0,0,0,0,1.96,0.0,0.0,Reject,Sample total is 0
l35g,760,535,0.7039473684210527,26,0,0,0,0,0,1.96,0.0,0.0,Reject,Sample total is 0
l35h,760,584,0.7684210526315789,26,0,0,0,0,0,1.96,0.0,0.0,Reject,Sample total is 0
l35i,760,499,0.656578947368421,26,0,0,0,0,0,1.96,0.0,0.0,Reject,Sample total is 0
l35j,760,584,0.7684210526315789,26,0,0,0,0,0,1.96,0.0,0.0,Reject,Sample total is 0
l35k,760,470,0.618421052631579,26,0,0,0,0,0,1.96,0.0,0.0,Reject,Sample total is 0
l35l,760,722,0.95,26,0,0,0,0,0,1.96,0.0,0.0,Reject,Sample total is 0
l34a,753,730,0.9694555112881806,26,0,0,0,0,0,1.96,0.0,0.0,Reject,Sample total is 0
l34b,750,692,0.9226666666666666,26,0,0,0,0,0,1.96,0.0,0.0,Reject,Sample total is 0
l34c,749,738,0.9853137516688919,26,0,0,0,0,0,1.96,0.0,0.0,Reject,Sample total is 0
l34d,744,650,0.8736559139784946,26,0,0,0,0,0,1.96,0.0,0.0,Reject,Sample total is 0
l34e,752,687,0.913563829787234,26,0,0,0,0,0,1.96,0.0,0.0,Reject,Sample total is 0
l34f,748,734,0.9812834224598931,26,0,0,0,0,0,1.96,0.0,0.0,Reject,Sample total is 0
l45a,762,188,0.24671916010498687,26,0,0,0,0,0,1.96,0.0,0.0,Reject,Sample total is 0
l45b,762,493,0.6469816272965879,26,0,0,0,0,0,1.96,0.0,0.0,Reject,Sample total is 0
l45c,762,200,0.26246719160104987,26,0,0,0,0,0,1.96,0.0,0.0,Reject,Sample total is 0
l45d,762,525,0.6889763779527559,26,0,0,0,0,0,1.96,0.0,0.0,Reject,Sample total is 0
l45e,762,482,0.6325459317585301,26,0,0,0,0,0,1.96,0.0,0.0,Reject,Sample total is 0
l45f,762,477,0.6259842519685039,26,0,0,0,0,0,1.96,0.0,0.0,Reject,Sample total is 0
l45g,762,551,0.7230971128608924,26,0,0,0,0,0,1.96,0.0,0.0,Reject,Sample total is 0
l45h,762,544,0.7139107611548556,26,0,0,0,0,0,1.96,0.0,0.0,Reject,Sample total is 0
l45i,762,687,0.9015748031496063,26,0,0,0,0,0,1.96,0.0,0.0,Reject,Sample total is 0
l45j,762,470,0.6167979002624672,26,0,0,0,0,0,1.96,0.0,0.0,Reject,Sample total is 0
l45k,762,724,0.9501312335958005,26,0,0,0,0,0,1.96,0.0,0.0,Reject,Sample total is 0
l1,757,448,0.5918097754293263,26,0,0,0,0,0,1.96,0.0,0.0,Reject,Sample total is 0
l46,319,156,0.4890282131661442,26,0,0,0,0,0,1.96,0.0,0.0,Reject,Sample total is 0
l47a,160,120,0.75,26,0,0,0,0,0,1.96,0.0,0.0,Reject,Sample total is 0
l47b,160,77,0.48125,26,0,0,0,0,0,1.96,0.0,0.0,Reject,Sample total is 0
l47c,160,112,0.7,26,0,0,0,0,0,1.96,0.0,0.0,Reject,Sample total is 0
l47d,160,133,0.83125,26,0,0,0,0,0,1.96,0.0,0.0,Reject,Sample total is 0
l47e,160,126,0.7875,26,0,0,0,0,0,1.96,0.0,0.0,Reject,Sample total is 0
l47f,160,77,0.48125,26,0,0,0,0,0,1.96,0.0,0.0,Reject,Sample total is 0
l47g,160,108,0.675,26,0,0,0,0,0,1.96,0.0,0.0,Reject,Sample total is 0
l47h,160,151,0.94375,26,0,0,0,0,0,1.96,0.0,0.0,Reject,Sample total is 0
l6a,300,208,0.6933333333333334,26,0,0,0,0,0,1.96,0.0,0.0,Reject,Sample total is 0
l6b,315,144,0.45714285714285713,26,0,0,0,0,0,1.96,0.0,0.0,Reject,Sample total is 0
l6c,313,258,0.8242811501597445,26,0,0,0,0,0,1.96,0.0,0.0,Reject,Sample total is 0
l6d,313,268,0.8562300319488818,26,0,0,0,0,0,1.96,0.0,0.0,Reject,Sample total is 0
l6e,305,275,0.9016393442622951,26,0,0,0,0,0,1.96,0.0,0.0,Reject,Sample total is 0
l6f,314,235,0.7484076433121019,26,0,0,0,0,0,1.96,0.0,0.0,Reject,Sample total is 0
l7a,311,228,0.7331189710610932,26,0,0,0,0,0,1.96,0.0,0.0,Reject,Sample total is 0
l7b,312,146,0.46794871794871795,26,0,0,0,0,0,1.96,0.0,0.0,Reject,Sample total is 0
l7c,307,251,0.8175895765472313,26,0,0,0,0,0,1.96,0.0,0.0,Reject,Sample total is 0
l7d,309,256,0.8284789644012945,26,0,0,0,0,0,1.96,0.0,0.0,Reject,Sample total is 0
l7e,311,255,0.819935691318328,26,0,0,0,0,0,1.96,0.0,0.0,Reject,Sample total is 0
l7f,304,293,0.9638157894736842,26,0,0,0,0,0,1.96,0.0,0.0,Reject,Sample total is 0
l8a,310,104,0.33548387096774196,26,0,0,0,0,0,1.96,0.0,0.0,Reject,Sample total is 0
l8b,302,171,0.5662251655629139,26,0,0,0,0,0,1.96,0.0,0.0,Reject,Sample total is 0
l8c,300,254,0.8466666666666667,26,0,0,0,0,0,1.96,0.0,0.0,Reject,Sample total is 0
l8f1,295,257,0.8711864406779661,26,0,0,0,0,0,1.96,0.0,0.0,Reject,Sample total is 0
l8f2,293,247,0.8430034129692833,26,0,0,0,0,0,1.96,0.0,0.0,Reject,Sample total is 0
l8f3,298,182,0.610738255033557,26,0,0,0,0,0,1.96,0.0,0.0,Reject,Sample total is 0
l8f4,300,285,0.95,26,0,0,0,0,0,1.96,0.0,0.0,Reject,Sample total is 0
l8f5,297,264,0.8888888888888888,26,0,0,0,0,0,1.96,0.0,0.0,Reject,Sample total is 0
l8i,301,150,0.4983388704318937,26,0,0,0,0,0,1.96,0.0,0.0,Reject,Sample total is 0
l8g,303,138,0.45544554455445546,26,0,0,0,0,0,1.96,0.0,0.0,Reject,Sample total is 0
l8h,298,170,0.5704697986577181,26,0,0,0,0,0,1.96,0.0,0.0,Reject,Sample total is 0
l8k,299,176,0.5886287625418061,26,0,0,0,0,0,1.96,0.0,0.0,Reject,Sample total is 0
l8k1,289,263,0.9100346020761245,26,0,0,0,0,0,1.96,0.0,0.0,Reject,Sample total is 0
l8l,300,87,0.29,26,0,0,0,0,0,1.96,0.0,0.0,Reject,Sample total is 0
l8m,303,83,0.2739273927392739,26,0,0,0,0,0,1.96,0.0,0.0,Reject,Sample total is 0
l8m1,302,120,0.3973509933774834,26,0,0,0,0,0,1.96,0.0,0.0,Reject,Sample total is 0
l8n,302,69,0.22847682119205298,26,0,0,0,0,0,1.96,0.0,0.0,Reject,Sample total is 0
l8o,299,55,0.18394648829431437,26,0,0,0,0,0,1.96,0.0,0.0,Reject,Sample total is 0
l8p,295,139,0.4711864406779661,26,0,0,0,0,0,1.96,0.0,0.0,Reject,Sample total is 0
l8p1,295,187,0.6338983050847458,26,0,0,0,0,0,1.96,0.0,0.0,Reject,Sample total is 0
l8t,293,220,0.7508532423208191,26,0,0,0,0,0,1.96,0.0,0.0,Reject,Sample total is 0
l8q,292,182,0.6232876712328768,26,0,0,0,0,0,1.96,0.0,0.0,Reject,Sample total is 0
l8s,290,230,0.7931034482758621,26,0,0,0,0,0,1.96,0.0,0.0,Reject,Sample total is 0
l8r,288,226,0.7847222222222222,26,0,0,0,0,0,1.96,0.0,0.0,Reject,Sample total is 0
l8u,287,261,0.9094076655052264,26,0,0,0,0,0,1.96,0.0,0.0,Reject,Sample total is 0
l8v,297,147,0.494949494949495,26,0,0,0,0,0,1.96,0.0,0.0,Reject,Sample total is 0
l8w,286,175,0.6118881118881119,26,0,0,0,0,0,1.96,0.0,0.0,Reject,Sample total is 0
l8x,282,233,0.8262411347517731,26,0,0,0,0,0,1.96,0.0,0.0,Reject,Sample total is 0
l8x1,284,246,0.8661971830985915,26,0,0,0,0,0,1.96,0.0,0.0,Reject,Sample total is 0
l48a,610,74,0.12131147540983607,26,0,0,0,0,0,1.96,0.0,0.0,Reject,Sample total is 0
l48b,609,388,0.6371100164203612,26,0,0,0,0,0,1.96,0.0,0.0,Reject,Sample total is 0
l48c,609,469,0.7701149425287356,26,0,0,0,0,0,1.96,0.0,0.0,Reject,Sample total is 0
l48d,609,464,0.7619047619047619,26,0,0,0,0,0,1.96,0.0,0.0,Reject,Sample total is 0
l49a,699,413,0.5908440629470673,26,0,0,0,0,0,1.96,0.0,0.0,Reject,Sample total is 0
l49b,698,467,0.669054441260745,26,0,0,0,0,0,1.96,0.0,0.0,Reject,Sample total is 0
l49c,702,545,0.7763532763532763,26,0,0,0,0,0,1.96,0.0,0.0,Reject,Sample total is 0
l49d,695,607,0.8733812949640288,26,0,0,0,0,0,1.96,0.0,0.0,Reject,Sample total is 0
l49e,690,582,0.8434782608695652,26,0,0,0,0,0,1.96,0.0,0.0,Reject,Sample total is 0
l12a,610,235,0.38524590163934425,26,0,0,0,0,0,1.96,0.0,0.0,Reject,Sample total is 0
l12d,648,275,0.4243827160493827,26,0,0,0,0,0,1.96,0.0,0.0,Reject,Sample total is 0
l12b,641,343,0.5351014040561622,26,0,0,0,0,0,1.96,0.0,0.0,Reject,Sample total is 0
l12e,666,313,0.46996996996997,26,0,0,0,0,0,1.96,0.0,0.0,Reject,Sample total is 0
l12c,661,355,0.5370650529500757,26,0,0,0,0,0,1.96,0.0,0.0,Reject,Sample total is 0
l12f,589,225,0.38200339558573854,26,0,0,0,0,0,1.96,0.0,0.0,Reject,Sample total is 0
l12g,594,280,0.4713804713804714,26,0,0,0,0,0,1.96,0.0,0.0,Reject,Sample total is 0
l12h,628,389,0.6194267515923567,26,0,0,0,0,0,1.96,0.0,0.0,Reject,Sample total is 0
l12i,680,500,0.7352941176470589,26,0,0,0,0,0,1.96,0.0,0.0,Reject,Sample total is 0
l12j,548,227,0.4142335766423358,26,0,0,0,0,0,1.96,0.0,0.0,Reject,Sample total is 0
l12k,616,320,0.5194805194805194,26,0,0,0,0,0,1.96,0.0,0.0,Reject,Sample total is 0
l50a,687,278,0.40465793304221254,26,0,0,0,0,0,1.96,0.0,0.0,Reject,Sample total is 0
l50b,703,285,0.40540540540540543,26,0,0,0,0,0,1.96,0.0,0.0,Reject,Sample total is 0
l50c,696,421,0.6048850574712644,26,0,0,0,0,0,1.96,0.0,0.0,Reject,Sample total is 0
l50d,695,332,0.4776978417266187,26,0,0,0,0,0,1.96,0.0,0.0,Reject,Sample total is 0
l50e,682,369,0.5410557184750733,26,0,0,0,0,0,1.96,0.0,0.0,Reject,Sample total is 0
l50f,675,421,0.6237037037037036,26,0,0,0,0,0,1.96,0.0,0.0,Reject,Sample total is 0
l51,626,572,0.9137380191693291,26,0,0,0,0,0,1.96,0.0,0.0,Reject,Sample total is 0
l13a,639,535,0.837245696400626,26,0,0,0,0,0,1.96,0.0,0.0,Reject,Sample total is 0
l13b,632,522,0.8259493670886076,26,0,0,0,0,0,1.96,0.0,0.0,Reject,Sample total is 0
l13c,665,310,0.46616541353383456,26,0,0,0,0,0,1.96,0.0,0.0,Reject,Sample total is 0
l13d,658,425,0.6458966565349544,26,0,0,0,0,0,1.96,0.0,0.0,Reject,Sample total is 0
l13e,620,535,0.8629032258064516,26,0,0,0,0,0,1.96,0.0,0.0,Reject,Sample total is 0
l13f,623,548,0.8796147672552167,26,0,0,0,0,0,1.96,0.0,0.0,Reject,Sample total is 0
l13g,628,551,0.8773885350318471,26,0,0,0,0,0,1.96,0.0,0.0,Reject,Sample total is 0
l13h,636,531,0.8349056603773585,26,0,0,0,0,0,1.96,0.0,0.0,Reject,Sample total is 0
l13i,613,573,0.9347471451876019,26,0,0,0,0,0,1.96,0.0,0.0,Reject,Sample total is 0
l14a,668,409,0.6122754491017964,26,0,0,0,0,0,1.96,0.0,0.0,Reject,Sample total is 0
l14b,668,454,0.6796407185628742,26,0,0,0,0,0,1.96,0.0,0.0,Reject,Sample total is 0
l14c,664,444,0.6686746987951807,26,0,0,0,0,0,1.96,0.0,0.0,Reject,Sample total is 0
l14d,667,476,0.7136431784107946,26,0,0,0,0,0,1.96,0.0,0.0,Reject,Sample total is 0
l14e,667,466,0.6986506746626686,26,0,0,0,0,0,1.96,0.0,0.0,Reject,Sample total is 0
l14f,649,542,0.8351309707241911,26,0,0,0,0,0,1.96,0.0,0.0,Reject,Sample total is 0
l15,0,0,0,26,0,0,0,0,0,1.96,0.0,0.0,Accept,Sample total is 0,Selected feature not found for population,Population total is 0
l17,144,43,0.2986111111111111,26,0,0,0,0,0,1.96,0.0,0.0,Reject,Sample total is 0
l18,590,377,0.6389830508474577,26,0,0,0,0,0,1.96,0.0,0.0,Reject,Sample total is 0
l19,661,253,0.3827534039334342,26,0,0,0,0,0,1.96,0.0,0.0,Reject,Sample total is 0
l20,630,301,0.4777777777777778,26,0,0,0,0,0,1.96,0.0,0.0,Reject,Sample total is 0
l21a,564,501,0.8882978723404256,26,0,0,0,0,0,1.96,0.0,0.0,Reject,Sample total is 0
l21b,581,539,0.927710843373494,26,0,0,0,0,0,1.96,0.0,0.0,Reject,Sample total is 0
l21d,578,553,0.9567474048442907,26,0,0,0,0,0,1.96,0.0,0.0,Reject,Sample total is 0
l21c,603,567,0.9402985074626866,26,0,0,0,0,0,1.96,0.0,0.0,Reject,Sample total is 0
l21e,575,538,0.9356521739130435,26,0,0,0,0,0,1.96,0.0,0.0,Reject,Sample total is 0
l22a,577,503,0.8717504332755632,26,0,0,0,0,0,1.96,0.0,0.0,Reject,Sample total is 0
l22b,580,506,0.8724137931034482,26,0,0,0,0,0,1.96,0.0,0.0,Reject,Sample total is 0
l22c,574,521,0.9076655052264808,26,0,0,0,0,0,1.96,0.0,0.0,Reject,Sample total is 0
l22d,569,519,0.9121265377855887,26,0,0,0,0,0,1.96,0.0,0.0,Reject,Sample total is 0
l22e,588,518,0.8809523809523809,26,0,0,0,0,0,1.96,0.0,0.0,Reject,Sample total is 0
l22f,579,470,0.8117443868739206,26,0,0,0,0,0,1.96,0.0,0.0,Reject,Sample total is 0
l23a,574,538,0.9372822299651568,26,0,0,0,0,0,1.96,0.0,0.0,Reject,Sample total is 0
l23b,551,482,0.8747731397459165,26,0,0,0,0,0,1.96,0.0,0.0,Reject,Sample total is 0
l23c,601,572,0.9517470881863561,26,0,0,0,0,0,1.96,0.0,0.0,Reject,Sample total is 0
l23d,586,554,0.9453924914675768,26,0,0,0,0,0,1.96,0.0,0.0,Reject,Sample total is 0
l23e,586,571,0.9744027303754266,26,0,0,0,0,0,1.96,0.0,0.0,Reject,Sample total is 0
l23f,606,561,0.9257425742574258,26,0,0,0,0,0,1.96,0.0,0.0,Reject,Sample total is 0
l23g,572,537,0.9388111888111889,26,0,0,0,0,0,1.96,0.0,0.0,Reject,Sample total is 0
l23h,602,582,0.9667774086378738,26,0,0,0,0,0,1.96,0.0,0.0,Reject,Sample total is 0
l24a,538,448,0.8327137546468402,26,0,0,0,0,0,1.96,0.0,0.0,Reject,Sample total is 0
l24b,542,505,0.9317343173431735,26,0,0,0,0,0,1.96,0.0,0.0,Reject,Sample total is 0
l24c,579,566,0.9775474956822107,26,0,0,0,0,0,1.96,0.0,0.0,Reject,Sample total is 0
l24d,548,522,0.9525547445255474,26,0,0,0,0,0,1.96,0.0,0.0,Reject,Sample total is 0
l24e,535,505,0.9439252336448598,26,0,0,0,0,0,1.96,0.0,0.0,Reject,Sample total is 0
l24f,545,507,0.9302752293577982,26,0,0,0,0,0,1.96,0.0,0.0,Reject,Sample total is 0
l24g,557,545,0.9784560143626571,26,0,0,0,0,0,1.96,0.0,0.0,Reject,Sample total is 0
l24h,559,550,0.9838998211091234,26,0,0,0,0,0,1.96,0.0,0.0,Reject,Sample total is 0
l24i,569,556,0.9771528998242531,26,0,0,0,0,0,1.96,0.0,0.0,Reject,Sample total is 0
l24j,583,572,0.9811320754716981,26,0,0,0,0,0,1.96,0.0,0.0,Reject,Sample total is 0
l25a,728,343,0.47115384615384615,26,0,0,0,0,0,1.96,0.0,0.0,Reject,Sample total is 0
l25b,730,286,0.3917808219178082,26,0,0,0,0,0,1.96,0.0,0.0,Reject,Sample total is 0
l25c,728,616,0.8461538461538461,26,0,0,0,0,0,1.96,0.0,0.0,Reject,Sample total is 0
l25d,729,537,0.7366255144032922,26,0,0,0,0,0,1.96,0.0,0.0,Reject,Sample total is 0
l25e,728,605,0.8310439560439561,26,0,0,0,0,0,1.96,0.0,0.0,Reject,Sample total is 0
l25f,728,671,0.9217032967032966,26,0,0,0,0,0,1.96,0.0,0.0,Reject,Sample total is 0
l25g,728,711,0.9766483516483516,26,0,0,0,0,0,1.96,0.0,0.0,Reject,Sample total is 0
l25h,728,334,0.45879120879120877,26,0,0,0,0,0,1.96,0.0,0.0,Reject,Sample total is 0
l25i,728,574,0.7884615384615384,26,0,0,0,0,0,1.96,0.0,0.0,Reject,Sample total is 0
l25j,728,670,0.9203296703296703,26,0,0,0,0,0,1.96,0.0,0.0,Reject,Sample total is 0
l25k,728,667,0.9162087912087912,26,0,0,0,0,0,1.96,0.0,0.0,Reject,Sample total is 0
l26a,725,223,0.30758620689655175,26,0,0,0,0,0,1.96,0.0,0.0,Reject,Sample total is 0
l26b,725,231,0.31862068965517243,26,0,0,0,0,0,1.96,0.0,0.0,Reject,Sample total is 0
l26c,723,497,0.6874135546334716,26,0,0,0,0,0,1.96,0.0,0.0,Reject,Sample total is 0
l26d,724,384,0.5303867403314917,26,0,0,0,0,0,1.96,0.0,0.0,Reject,Sample total is 0
l26e,723,481,0.665283540802213,26,0,0,0,0,0,1.96,0.0,0.0,Reject,Sample total is 0
l26f,724,575,0.7941988950276243,26,0,0,0,0,0,1.96,0.0,0.0,Reject,Sample total is 0
l26g,723,635,0.8782849239280774,26,0,0,0,0,0,1.96,0.0,0.0,Reject,Sample total is 0
l26h,725,337,0.46482758620689657,26,0,0,0,0,0,1.96,0.0,0.0,Reject,Sample total is 0
l26i,723,528,0.7302904564315352,26,0,0,0,0,0,1.96,0.0,0.0,Reject,Sample total is 0
l26j,723,659,0.9114799446749654,26,0,0,0,0,0,1.96,0.0,0.0,Reject,Sample total is 0
l26k,723,702,0.970954356846473,26,0,0,0,0,0,1.96,0.0,0.0,Reject,Sample total is 0
